{
  "name": "Assisted Living Care Coverage",
  "displayName": "Assisted Living Care Coverage",
  "fields": [
    {
      "title": "Assisted Living Care Coverage Details",
      "name": "assisted_coverage_details",
      "type": "group",
      "fields": [
        {
          "title": "Name of Relative",
          "name": "name_of_relative",
          "type": "string"
        },
        {
          "title": "Residency Name",
          "name": "residency_name",
          "type": "string"
        },
        {
          "title": "Residency Location(Address)",
          "name": "residency_address",
          "type": "string",
          "multiline": true
        },
        {
          "title": "Assisted Living Care Coverage C Increased Limit ",
          "name": "assisted_c_limit",
          "type": "string",
          "optional": true
        },
        {
          "title": "Assisted Living Care Coverage E Increased Limit",
          "name": "assisted_e_limit",
          "type": "select",
          "values": [
            "$100,000","$200,000","$300,000","$400,000","$500,000","$600,000","$700,000","$800,000","$900,000","$1,000,000","$2,000,000"
        ],
        "optional": true
        }
      ],
      "repeatable": true
    }
  ],
  "indemnityPerItem": "0",
  "indemnityPerEvent": "0",
  "indemnityInAggregate": "0",
  "deductible": "0",
  "lumpSumPayment": "0"
}