{
    "name": "Coverage A - Dwelling",
    "displayName": "Coverage A - Dwelling",
    "fields": [
        {
            "title": "Dwelling Limit",
            "name": "coverage_a_limit",
            "type": "string"
        },
        {
            "title": "Dwelling Settlement Option",
            "name": "coverage_a_settlementoption",
            "type": "select",
            "values": [
                "Actual Cash Value",
                "Replacement Cost",
                "Extended Replacement Cost"
            ]
        },
        {
            "title": "Extended Replacemnt Cost %",
            "name": "extended_rcv_percent",
            "type": "select",
            "values": [
                "25%",
                "50%"
            ],
            "condition": {
                "coverage_a_settlementoption": [
                    "Extended Replacement Cost"
                ]
            }
        }
    ],
    "indemnityPerItem": "0",
    "indemnityPerEvent": "0",
    "indemnityInAggregate": "0",
    "deductible": "0",
    "lumpSumPayment": "0"
}