{
  "name": "Coverage C - Personal Property",
  "displayName": "Coverage C - Personal Property",
  "fields": [
    {
      "title": "Personal Property Limit",
      "name": "personal_property_limit",
      "type": "string"
    },
    {
      "title": "Personal Property Settlement Option",
      "name": "coverage_c_settlement_option",
      "type": "select",
      "values": [
        "Actual Cash Value",
        "Replacement Cost"
      ]
    }
  ],
  "indemnityPerItem": "0",
  "indemnityPerEvent": "0",
  "indemnityInAggregate": "0",
  "deductible": "0",
  "lumpSumPayment": "0"
}