{
  "name": "Coverage E - Personal Liability",
  "displayName": "Coverage E - Personal Liability",
  "fields": [
    {
      "title": "Personal Liability Limit",
      "name": "coverage_e_personal_liability_limit",
      "type": "select",
      "values": [
        "$100,000",
        "$200,000",
        "$300,000",
        "$400,000",
        "$500,000"
        
      ]
    }
  ],
  "indemnityPerItem": "0",
  "indemnityPerEvent": "0",
  "indemnityInAggregate": "0",
  "deductible": "0",
  "lumpSumPayment": "0"
}