{
  "name": "Coverage B - Other Structures",
  "displayName": "Coverage B - Other Structures",
  "fields": [
    {
      "title": "Other Structures Limit",
      "name": "other_b_limit",
      "type": "string"
    },
    {
      "title": "Other Structures Settlement Option",
      "name": "coverage_b_settlementoption",
      "type": "select",
      "values": [
        "Actual Cash Value",
        "Replacement Cost"
      ]
    }
  ],
  "indemnityPerItem": "0",
  "indemnityPerEvent": "0",
  "indemnityInAggregate": "0",
  "deductible": "0",
  "lumpSumPayment": "0"
}