{
  "name": "Coverage C Increased Special Limits of Liability",
  "displayName": "Coverage C Increased Special Limits of Liability",
  "fields": [
    {
      "title": "Jewelry, Watches and Furs",
      "name": "increased_special_limits_jewelrywatchfur_limit",
      "type": "select",
      "values": [
        "$1,500",
        "$2,000",
        "$2,500",
        "$3,000",
        "$3,500",
        "$4,000",
        "$4,500",
        "$5,000",
        "$5,500",
        "$6,000",
        "$6,500"
      ],
      "optional": true
    },
    {
      "title": "Money",
      "name": "increased_special_limits_money_limit",
      "type": "select",
      "values": [
        "$200",
        "$300",
        "$400",
        "$500",
        "$600",
        "$700",
        "$800",
        "$900",
        "$1000"
      ],
      "optional": true
    },
    {
      "title": "Securities",
      "name": "increased_special_limits_securities_limit",
      "type": "select",
      "values": [
        "$1,500",
        "$1,600",
        "$1,700",
        "$1,800",
        "$1,900",
        "$2,000",
        "$2,100",
        "$2,200",
        "$2,300",
        "$2,400",
        "$2,500",
        "$2,600",
        "$2,700",
        "$2,800",
        "$2,900",
        "$3,000"
      ],
      "optional": true
    },
    {
      "title": "Silverware, Goldware and Pewterware",
      "name": "increased_special_limits_silver_gold_pewter_limit",
      "type": "select",
      "values": [
        "$2,500",
        "$3,000",
        "$3,500",
        "$4,000",
        "$4,500",
        "$5,000",
        "$5,500",
        "$6,000",
        "$6,500",
        "$7,000",
        "$7,500",
        "$8,000",
        "$8,500",
        "$9,000",
        "$9,500",
        "$10,000"
      ],
      "optional": true
    },
    {
      "title": "Firearms",
      "name": "increased_special_limits_firearms_limit",
      "type": "select",
      "values": [
        "$2,500",
        "$2,600",
        "$2,700",
        "$2,800",
        "$2,900",
        "$3,000",
        "$3,100",
        "$3,200",
        "$3,300",
        "$3,400",
        "$3,500",
        "$3,600",
        "$3,700",
        "$3,800",
        "$3,900",
        "$4,000",
        "$4,100",
        "$4,200",
        "$4,300",
        "$4,400",
        "$4,500",
        "$4,600",
        "$4,700",
        "$4,800",
        "$4,900",
        "$5,000",
        "$5,100",
        "$5,200",
        "$5,300",
        "$5,400",
        "$5,500",
        "$5,600",
        "$5,700",
        "$5,800",
        "$5,900",
        "$6,000",
        "$6,100",
        "$6,200",
        "$6,300",
        "$6,400",
        "$6,500"
      ],
      "optional": true
    },
    {
      "title": "Portable Electronic Equipment in or upon a motor vehicle",
      "name": "increased_special_limits_port_elect_equipment_limit",
      "type": "select",
      "values": [
        "$1,000",
        "$1,500",
        "$2,000",
        "$2,500",
        "$3,000",
        "$3,500",
        "$4,000",
        "$4,500",
        "$5,000",
        "$5,500",
        "$6,000"
      ],
      "optional": true
    }
  ],
  "indemnityPerItem": "0",
  "indemnityPerEvent": "0",
  "indemnityInAggregate": "0",
  "deductible": "0",
  "lumpSumPayment": "0"
}