{
    "name": "Coverage F - Medical Payments",
    "displayName": "Coverage F - Medical Payments",
    "fields": [
        {
            "title": "Medical Payments Limit",
            "name": "medical_payments_limit",
            "type": "select",
            "values": [
                "$1,000",
                "$2,000",
                "$3,000",
                "$4,000",
                "$5,000"
            ]
        }
    ],
    "indemnityPerItem": "0",
    "indemnityPerEvent": "0",
    "indemnityInAggregate": "0",
    "deductible": "0",
    "lumpSumPayment": "0"
}