{
    "name": "Deductibles",
    "displayName": "Deductibles",
    "fields": [
        {
            "title": "All Other Perils Deductible",
            "name": "aop_deductible",
            "type": "select",
            "values": [
                "$1,000",
                "$1,500",
                "$2,000",
                "$2,500",
                "$5,000",
                "$7,500",
                "$10,000",
                "$15,000",
                "$25,000"
            ]
        },
        {
            "title": "Windstorm/Hail Deductible",
            "name": "wind_hail_deductible",
            "type": "select",
            "values": [
                "1%",
                "2%",
                "5%"
            ]
        }
    ],
    "indemnityPerItem": "0",
    "indemnityPerEvent": "0",
    "indemnityInAggregate": "0",
    "deductible": "0",
    "lumpSumPayment": "0"
}