{
    "name": "Golf Cart Physical Loss Coverage",
    "displayName": "Golf Cart Physical Loss Coverage",
    "fields": [
        {
            "title": "Golf Cart Physical Loss Coverage Details",
            "name": "golf_cart_details",
            "type": "group",
            "fields": [
                {
                    "title": "Make Model Serial or Motor Number",
                    "name": "golfcart_number",
                    "type": "string",
                    "optional": true
                },
                {
                    "title": "Limit of Liability",
                    "name": "golfcart_limit",
                    "type": "string"
                },
                {
                    "title": "Golf Carts Collision Cover needed?",
                    "name": "golfcart_collision_cover",
                    "type": "select",
                    "values": [
                        "Yes",
                        "No"
                    ]
                }
            ],
            "optional": true,
            "repeatable": true
        }
    ],
    "indemnityPerItem": "0",
    "indemnityPerEvent": "0",
    "indemnityInAggregate": "0",
    "deductible": "0",
    "lumpSumPayment": "0"
}