{
    "name": "Home Day Care Coverage",
    "displayName": "Home Day Care Coverage",
    "fields": [
        {
            "title": "Number of persons receiving day care services",
            "name": "no_of_persons",
            "type": "number",
            "optional": true
        },
        {
            "title": "Business Location",
            "name": "home_day_care_business_location",
            "type": "select",
            "values": [
                "In the dwelling building or unit in which the insured resides and shown as residence premises",
                "In an other structure on or at the location of the residence premises"
            ],
            "optional": true
        },
        {
            "title": "Home Day Care Other structure Details",
            "name": "home_day_details",
            "type": "group",
            "fields": [
                {
                    "title": "Home Day Care Other structure Limit",
                    "name": "home_day_care_structure_limit",
                    "type": "string",
                    "optional": true
                },
                {
                    "title": "Home Day Care Other structure Description",
                    "name": "home_day_care_structure_description",
                    "type": "string",
                    "optional": true,
                    "multiline": true
                }
            ],
            "optional": true,
            "repeatable": true
        }
    ],
    "indemnityPerItem": "0",
    "indemnityPerEvent": "0",
    "indemnityInAggregate": "0",
    "deductible": "0",
    "lumpSumPayment": "0"
}