{
    "name": "Landlords Furnishings - Increased Limit",
    "displayName": "Landlords Furnishings - Increased Limit",
    "fields": [
        {
            "title": "Landlords Furnishings - Increased Limit Details",
            "name": "landlords_furnishing_details",
            "type": "group",
            "fields": [
                {
                    "title": "Description of Rented Unit",
                    "name": "rented_unit_description",
                    "type": "string",
                    "multiline": true
                },
                {
                    "title": "Landlords Furnishings Increased Limits",
                    "name": "landlords_furnishings_increased_limits",
                    "type": "select",
                    "values": [
                        "$2,500",
                        "$3,000",
                        "$3,500",
                        "$4,000",
                        "$4,500",
                        "$5,000",
                        "$5,500",
                        "$6,000",
                        "$6,500",
                        "$7,000",
                        "$7,500",
                        "$8,000",
                        "$8,500",
                        "$9,000",
                        "$9,500",
                        "$10,000"
                    ]
                }
            ],
            "repeatable": true
        }
    ],
    "indemnityPerItem": "0",
    "indemnityPerEvent": "0",
    "indemnityInAggregate": "0",
    "deductible": "0",
    "lumpSumPayment": "0"
}