{
    "name": "Limited Fungi or Microbes Coverage",
    "displayName": "Limited Fungi or Microbes Coverage",
    "fields": [
        {
            "title": "Fungi or Microbes Coverage",
            "name": "fungi_microbes_coverage_limit",
            "type": "select",
            "values": [
                "$500",
                "$2,500",
                "$5,000",
                "$10,000"
            ]
        }
    ],
    "indemnityPerItem": "0",
    "indemnityPerEvent": "0",
    "indemnityInAggregate": "0",
    "deductible": "0",
    "lumpSumPayment": "0"
}