{
  "name": "Limited Special Computer Equipment Coverage",
  "displayName": "Limited Special Computer Equipment Coverage",
  "fields": [
    {
      "title": "Special Computer Equipment Coverage_Limit",
      "name": "computer_equipment_limit",
      "type": "select",
      "values": [
        "$0","$500","$1,000","$1,500","$2,000","$2,500","$3,000","$3,500","$4,000","$4,500","$5,000"
      ]
    },
    {
      "title": "Special Computer Equipment Coverage Deductible",
      "name": "computer_equipment_deductible",
      "type": "select",
      "values": [
       "$100","$250"
      ]
    }
  ],
  "indemnityPerItem": "0",
  "indemnityPerEvent": "0",
  "indemnityInAggregate": "0",
  "deductible": "0",
  "lumpSumPayment": "0"
}