{
    "name": "Personal Injury Coverage",
    "displayName": "Personal Injury Coverage",
    "fields": [
        {
            "title": "Personal Injury Limit",
            "name": "personal_injury_limit",
            "type": "select",
            "values": [
                "$100,000",
                "$200,000",
                "$300,000",
                "$400,000",
                "$500,000"
            ]
        }
    ],
    "indemnityPerItem": "0",
    "indemnityPerEvent": "0",
    "indemnityInAggregate": "0",
    "deductible": "0",
    "lumpSumPayment": "0"
}