{
    "name": "Refrigerated Personal Property",
    "displayName": "Refrigerated Personal Property",
    "fields": [
        {
            "title": "Refrigerated Personal Property Limit",
            "name": "refrigerated_property_limit",
            "type": "select",
            "values": [
                "$250",
                "$500",
                "$750"
            ]
        }
    ],
    "indemnityPerItem": "0",
    "indemnityPerEvent": "0",
    "indemnityInAggregate": "0",
    "deductible": "0",
    "lumpSumPayment": "0"
}