{
    "name": "Replacement Cost Loss Settlement For Certain Non-Building Structures On The Residence Premises",
    "displayName": "Replacement Cost Loss Settlement For Certain Non-Building Structures On The Residence Premises",
    "fields": [
        {
            "title": "Type of Other Non Building Srucutre",
            "name": "type_non_bldg",
            "type": "select",
            "values": [
                "Inground or semi-inground swimming pools, therapeutic baths or hot tubs",
                "All Other"
            ]
        }
    ],
    "indemnityPerItem": "0",
    "indemnityPerEvent": "0",
    "indemnityInAggregate": "0",
    "deductible": "0",
    "lumpSumPayment": "0"
}