{
    "name": "Residence Held in Trust",
    "displayName": "Residence Held in Trust",
    "fields": [
        {
            "title": "Trust Name",
            "name": "heldintrust_name_trust",
            "type": "string"
        },
        {
            "title": "Trust Address",
            "name": "heldintrust_address_trust",
            "type": "string"
        },
        {
            "title": "Trustee Details",
            "name": "trustee_details",
            "type": "group",
            "fields": [
                {
                    "title": "Trustee Name",
                    "name": "heldintrust_name_trustee",
                    "type": "string"
                },
                {
                    "title": "Trustee Address",
                    "name": "heldintrust_address_trustee",
                    "type": "string"
                },
                {
                    "title": "From Trust",
                    "name": "heldintrust_trust_trustee",
                    "type": "string"
                },
                {
                    "title": "Trustee ID",
                    "name": "heldintrust_name_trustee_id",
                    "type": "string"
                }
            ],
            "repeatable": true
        }
    ],
    "indemnityPerItem": "0",
    "indemnityPerEvent": "0",
    "indemnityInAggregate": "0",
    "deductible": "0",
    "lumpSumPayment": "0"
}