{
  "name": "Specific Other Structures Coverage",
  "displayName": "Specific Other Structures Coverage",
  "fields": [
    {
      "title": "Specific Other Structures Coverage Details",
      "name": "specific_other_details",
      "type": "group",
      "fields": [
        {
          "title": "Type of Specific Other Structures",
          "name": "specific_other_structure_type",
          "type": "string"
        },
        {
          "title": "Specific Other Structures Description",
          "name": "specific_other_structure_description",
          "type": "string",
          "multiline": true
        },
        {
          "title": "Specific Other Structures Limit",
          "name": "specific_other_structure_limit",
          "type": "string"
        }
      ],
      "repeatable": true
    }
  ],
  "indemnityPerItem": "0",
  "indemnityPerEvent": "0",
  "indemnityInAggregate": "0",
  "deductible": "0",
  "lumpSumPayment": "0"
}