{
    "name": "Student away from home",
    "displayName": "Student away from home",
    "fields": [
        {
            "title": "Student away from home details",
            "name": "stud_away_group",
            "type": "group",
            "fields": [
                {
                    "title": "School Name",
                    "name": "school_name",
                    "type": "string"
                },
                {
                    "title": "Student Name",
                    "name": "student_name",
                    "type": "string"
                },
                {
                    "title": "Student Address",
                    "name": "student_address",
                    "type": "string"
                }
            ],
            "repeatable": true
        }
    ],
    "indemnityPerItem": "0",
    "indemnityPerEvent": "0",
    "indemnityInAggregate": "0",
    "deductible": "0",
    "lumpSumPayment": "0"
}