{
    "name": "Supplemental Loss Assessment Coverage",
    "displayName": "Supplemental Loss Assessment Coverage",
    "fields": [
        {
            "title": "Supplemental Loss Assessment Coverage",
            "name": "supplemental_loss_assessment_limit",
            "type": "select",
            "values": [
                "$1,000",
                "$5,000",
                "$10,000",
                "$15,000",
                "$20,000","$25,000","$30,000","$35,000","$40,000","$45,000","$50,000"
            ]
        },
        {
            "title": "Supplemental Deductible Coverage",
            "name": "supplemental_deductible_limit",
            "type": "select",
            "values": [
                "$1,000",
                "$2,000",
                "$3,000",
                "$4,000",
                "$5,000",
                "$6,000",
                "$7,000",
                "$8,000",
                "$9,000",
                "$10,000",
                "$11,000",
                "$12,000",
                "$13,000",
                "$14,000",
                "$15,000",
                "$16,000",
                "$17,000",
                "$18,000","$19,000","$20,000","$21,000","$22,000","$23,000","$24,000","$25,000"
            ]
        }
    ],
    "indemnityPerItem": "0",
    "indemnityPerEvent": "0",
    "indemnityInAggregate": "0",
    "deductible": "0",
    "lumpSumPayment": "0"
}