{
  "name": "Water Back Up and Sump Discharge or Overflow",
  "displayName": "Water Back Up and Sump Discharge or Overflow",
  "fields": [
    {
      "title": "Water Back Up and Sump Overflow Limit",
      "name": "water_backup_limit",
      "type": "select",
      "values": [
        "$5,000","$10,000","$25,000"
      ]
    },
    {
      "title": "Water Back Up and Sump Overflow Limit Deductible",
      "name": "water_backup_deductible",
      "type": "select",
      "values": [
        "$500","$1,000","$2,500"
      ]
    }
  ],
  "indemnityPerItem": "0",
  "indemnityPerEvent": "0",
  "indemnityInAggregate": "0",
  "deductible": "0",
  "lumpSumPayment": "0"
}