{
  "name": "Personal Property - Scheduled",
  "displayName": "Personal Property - Scheduled",
  "fields": [
    {
      "title": "Scheduled Personal Property",
      "name": "scheduled_personal_property",
      "type": "group",
      "fields": [
        {
          "title": "Property Type",
          "name": "scheduled_personal_property_type",
          "type": "select",
          "values": [
            "Cameras",
            "Coins",
            "Fine Arts",
            "Fine Arts Breakage",
            "Furs",
            "Golf Equipment",
            "Jewelry",
            "Musical Instruments",
            "Silverware",
            "Stamps"
          ]
        },
        {
          "title": "Detailed Description",
          "name": "scheduled_personal_property_description",
          "type": "string"
        },
        {
          "title": "Property Limit",
          "name": "scheduled_personal_property_limit",
          "type": "string"
        },
        {
          "title": "Agreed Value Loss Settlement",
          "name": "scheduled_personal_property_agreed_value",
          "type": "select",
          "values": [
            "Yes",
            "No"
          ]
        }
      ],
      "repeatable": true
    }
  ],
  "indemnityPerItem": "0",
  "indemnityPerEvent": "0",
  "indemnityInAggregate": "0",
  "deductible": "0",
  "lumpSumPayment": "0"
}