{
  "fields": [
    {
      "name": "transaction_id",
      "title": "Transaction ID",
      "type": "string",
      "optional": true
    },
    {
      "name": "amount",
      "title": "Amount",
      "type": "string",
      "optional": true
    },
    {
      "name": "payment_method",
      "title": "Payment Method (i.e., ACH)",
      "type": "string",
      "optional": true
    },
    {
      "name": "profile_id",
      "title": "Profile ID",
      "type": "string",
      "optional": true
    },
    {
      "name": "auto_debit",
      "title": "Auto Debit(Y/N)",
      "type": "string",
      "optional": true
    },
    {
      "name": "invoice_number",
      "title": "Invoice Number",
      "type": "string",
      "optional": true
    }
  ]
}