{
    "name": "Dwelling",
    "displayName": "Dwelling",
    "fields": [
        {
            "title": "Street Address",
            "name": "property_street_address",
            "type": "string",
            "heading": "Property Address"
        },
        {
            "title": "Lot/Unit #",
            "name": "property_lot_unit",
            "type": "string",
            "optional": true
        },
        {
            "title": "City",
            "name": "property_city",
            "type": "string"
        },
        {
            "title": "State",
            "name": "property_state",
            "type": "select",
            "values": [
                "AK",
                "AL",
                "AR",
                "AZ",
                "CA",
                "CO",
                "CT",
                "DC",
                "DE",
                "FL",
                "GA",
                "HI",
                "IA",
                "ID",
                "IL",
                "IN",
                "KS",
                "KY",
                "LA",
                "MA",
                "MD",
                "ME",
                "MI",
                "MN",
                "MO",
                "MS",
                "MT",
                "NC",
                "ND",
                "NE",
                "NH",
                "NJ",
                "NM",
                "NV",
                "NY",
                "OH",
                "OK",
                "OR",
                "PA",
                "RI",
                "SC",
                "SD",
                "TN",
                "TX",
                "UT",
                "VA",
                "VT",
                "WA",
                "WI",
                "WV",
                "WY"
            ]
        },
        {
            "title": "Zip Code",
            "name": "property_zipcode",
            "type": "string",
            "regex": "^([0-9]{5})*$"
        },
        {
            "title": "County",
            "name": "property_county",
            "type": "string",
            "optional": false
        },
        {
            "title": "Country",
            "name": "property_country",
            "type": "select",
            "values": [
                "USA"
            ]
        },
        {
            "title": "Latitude",
            "name": "lat",
            "type": "string",
            "heading": "Territory"
        },
        {
            "title": "Longitude",
            "name": "long",
            "type": "string"
        },
        {
            "title": "Territory Code ",
            "name": "territory_code",
            "type": "string",
            "optional": true
        },
        {
            "title": "UW Admitted",
            "name": "uw_admitted",
            "type": "select",
            "values": [
                "No Concerns(N)",
                "Reject(X)",
                "Referral(R)"
            ]
        },
        {
            "title": "County Tier",
            "name": "county_tier",
            "type": "string",
            "optional": true
        },
        {
            "title": "TWIA County",
            "name": "twia_county",
            "type": "string",
            "optional": true
        },
        {
            "title": "Property ID",
            "name": "property_id",
            "type": "string",
            "heading": "Property Information"
        },
        {
            "title": "Year Built/Remodeled Year",
            "name": "year_built",
            "type": "string"
        },
        {
            "title": "Square Footage",
            "name": "square_footage",
            "type": "number"
        },
        {
            "title": "Dwelling Usage",
            "name": "dwelling_usage",
            "type": "select",
            "values": [
                "Single Family Detached",
                "Single Family Attached End Unit",
                "Single Family Attached Interior Unit",
                "Two Family (Duplex)",
                "Three Family (Tri-plex)",
                "Four Family (Four-plex)"
            ]
        },
        {
            "title": "Occupancy Type",
            "name": "occupancy_type",
            "type": "select",
            "values": [
                "Primary",
                "Secondary"
            ]
        },
        {
            "title": "Do you wish to add a secondary dwelling?",
            "name": "secondary_dwelling",
            "optional": true,
            "type": "select",
            "values": [
                "Yes",
                "No"
            ],
            "condition": {
                "occupancy_type": [
                    "Primary"
                ]
            }
        },
        {
            "title": "Number of Families",
            "name": "secondary_no_of_families",
            "type": "number",
            "condition": {
                "secondary_dwelling": [
                    "Yes"
                ]
            }
        },
        {
            "title": "Street Address",
            "name": "secondary_property_street_address",
            "type": "string",
            "heading": "Property Address",
            "condition": {
                "secondary_dwelling": [
                    "Yes"
                ]
            }
        },
        {
            "title": "Lot/Unit #",
            "name": "secondary_property_lot_unit",
            "type": "string",
            "optional": true,
            "condition": {
                "secondary_dwelling": [
                    "Yes"
                ]
            }
        },
        {
            "title": "City",
            "name": "secondary_property_city",
            "type": "string",
            "condition": {
                "secondary_dwelling": [
                    "Yes"
                ]
            }
        },
        {
            "title": "State",
            "name": "secondary_property_state",
            "type": "select",
            "values": [
                "AK",
                "AL",
                "AR",
                "AZ",
                "CA",
                "CO",
                "CT",
                "DC",
                "DE",
                "FL",
                "GA",
                "HI",
                "IA",
                "ID",
                "IL",
                "IN",
                "KS",
                "KY",
                "LA",
                "MA",
                "MD",
                "ME",
                "MI",
                "MN",
                "MO",
                "MS",
                "MT",
                "NC",
                "ND",
                "NE",
                "NH",
                "NJ",
                "NM",
                "NV",
                "NY",
                "OH",
                "OK",
                "OR",
                "PA",
                "RI",
                "SC",
                "SD",
                "TN",
                "TX",
                "UT",
                "VA",
                "VT",
                "WA",
                "WI",
                "WV",
                "WY"
            ],
            "condition": {
                "secondary_dwelling": [
                    "Yes"
                ]
            }
        },
        {
            "title": "Zip Code",
            "name": "secondary_property_zipcode",
            "type": "string",
            "regex": "^([0-9]{5})*$",
            "condition": {
                "secondary_dwelling": [
                    "Yes"
                ]
            }
        },
        {
            "title": "County",
            "name": "secondary_property_county",
            "type": "string",
            "optional": false,
            "condition": {
                "secondary_dwelling": [
                    "Yes"
                ]
            }
        },
        {
            "title": "Country",
            "name": "secondary_property_country",
            "type": "select",
            "values": [
                "USA"
            ],
            "condition": {
                "secondary_dwelling": [
                    "Yes"
                ]
            }
        },
        {
            "title": "Latitude",
            "name": "secondary_lat",
            "type": "string",
            "heading": "Territory",
            "condition": {
                "secondary_dwelling": [
                    "Yes"
                ]
            }
        },
        {
            "title": "Longitude",
            "name": "secondary_long",
            "type": "string",
            "condition": {
                "secondary_dwelling": [
                    "Yes"
                ]
            }
        },
        {
            "title": "Territory Code ",
            "name": "secondary_territory_code",
            "type": "string",
            "optional": true,
            "condition": {
                "secondary_dwelling": [
                    "Yes"
                ]
            }
        },
        {
            "title": "UW Admitted",
            "name": "secondary_uw_admitted",
            "type": "select",
            "values": [
                "No Concerns(N)",
                "Reject(X)",
                "Referral(R)"
            ],
            "condition": {
                "secondary_dwelling": [
                    "Yes"
                ]
            }
        },
        {
            "title": "County Tier",
            "name": "secondary_county_tier",
            "type": "string",
            "optional": true,
            "condition": {
                "secondary_dwelling": [
                    "Yes"
                ]
            }
        },
        {
            "title": "TWIA County",
            "name": "secondary_twia_county",
            "type": "string",
            "optional": true,
            "condition": {
                "secondary_dwelling": [
                    "Yes"
                ]
            }
        },
        {
            "title": "Is the Primary Dwelling policy with the same carrier?",
            "name": "primary_policy_carrier",
            "type": "select",
            "values": [
                "Yes",
                "No"
            ],
            "optional": true,
            "condition": {
                "occupancy_type": [
                    "Secondary"
                ]
            }
        },
        {
            "title": "Primary dwelling policy number",
            "name": "primary_policy_carrier_number",
            "type": "string",
            "optional": true,
            "condition": {
                "primary_policy_carrier": [
                    "Yes"
                ]
            }
        },
        {
            "title": "Construction Type",
            "name": "contruction_type",
            "type": "select",
            "values": [
                "Frame",
                "Masonry"
            ]
        },
        {
            "title": "Number of Families",
            "name": "no_of_families",
            "type": "number",
            "minimum": 1,
            "maximum": 4
        },
        {
            "title": "Number of Stories",
            "name": "no_of_stories",
            "type": "number",
            "optional": true
        },
        {
            "title": "Secondary Water Resistance",
            "name": "secondary_water_resistance",
            "type": "select",
            "values": [
                "Yes",
                "No"
            ],
            "optional": true
        },
        {
            "title": "Reinforced Exterior Doors",
            "name": "reinforced_exterior_doors",
            "type": "select",
            "values": [
                "Other",
                "Reinforced Single Width Doors"
            ],
            "optional": true
        },
        {
            "title": "Fortified Construction",
            "name": "fortified_construction",
            "type": "select",
            "values": [
                "No",
                "Fortified for safer living (Fortified)"
            ],
            "optional": true
        },
        {
            "title": "Replacement Cost",
            "name": "rcv",
            "type": "number"
        },
        {
            "title": "Protection Class",
            "name": "protection_class",
            "type": "select",
            "values": [
                "1",
                "2",
                "3",
                "4",
                "5",
                "6",
                "7",
                "8",
                "9",
                "10"
            ]
        },
        {
            "title": "Subscription District Indicator",
            "name": "subscription_district_indicator",
            "type": "string"
        },
        {
            "title": "Roof Deck Attachment",
            "name": "roof_deck_attachment",
            "type": "select",
            "values": [
                "A",
                "B",
                "C",
                "D"
            ],
            "optional": true
        },
        {
            "title": "Roof to Wall Attachment",
            "name": "roof_to_wall_attachment",
            "type": "select",
            "values": [
                "Toe Nails",
                "Clips",
                "Single/Double Wraps"
            ],
            "optional": true
        },
        {
            "title": "Opening Protection",
            "name": "opening_protection",
            "type": "select",
            "values": [
                "Yes",
                "No"
            ],
            "optional": true
        },
        {
            "title": "Superior Construction",
            "name": "superior_construction",
            "type": "select",
            "values": [
                "Yes",
                "No"
            ]
        },
        {
            "title": "Burglar Alarm",
            "name": "burglar_alarm",
            "type": "select",
            "values": [
                "Central",
                "Department",
                "Local, Extensive",
                "Other",
                "None"
            ]
        },
        {
            "title": "Fire Alarm",
            "name": "fire_alarm",
            "type": "select",
            "values": [
                "Central",
                "Department",
                "Local, Smoke",
                "Other",
                "None"
            ]
        },
        {
            "title": "Sprinklers",
            "name": "sprinklers",
            "type": "select",
            "values": [
                "Extensive",
                "Partial",
                "Other",
                "None"
            ]
        },
        {
            "title": "Electrical Power Backup (Automatic Generator)",
            "name": "electrical_power_backup",
            "type": "select",
            "values": [
                "Yes",
                "No"
            ]
        },
        {
            "title": "Gas Leak Detection",
            "name": "gas_leak_detection",
            "type": "select",
            "values": [
                "Other",
                "Central, Department",
                "None"
            ]
        },
        {
            "title": "Lightning Protection",
            "name": "lightning_protection",
            "type": "select",
            "values": [
                "Yes",
                "No"
            ]
        },
        {
            "title": "Temp Monitoring",
            "name": "temp_monitoring",
            "type": "select",
            "values": [
                "Other",
                "Central",
                "None"
            ]
        },
        {
            "title": "Water Leak Detection",
            "name": "water_leak_detection",
            "type": "select",
            "values": [
                "Other",
                "Central",
                "None"
            ]
        },
        {
            "title": "Roof Year",
            "name": "roof_year",
            "type": "number",
            "optional": true
        },
        {
            "title": "Plumbing Year",
            "name": "plumbing_year",
            "type": "number",
            "optional": true
        },
        {
            "title": "BCEG Class",
            "name": "bceg_class",
            "type": "select",
            "values": [
                "1",
                "2",
                "3",
                "4",
                "5",
                "6",
                "7",
                "8",
                "9",
                "10 or Ungraded",
                "Non-Participating "
            ],
            "optional": true
        },
        {
            "title": "BCEG Territory",
            "name": "bceg_territory",
            "type": "string",
            "optional": true
        },
        {
            "title": "Roof Type",
            "name": "roof_type",
            "type": "select",
            "values": [
                "None - Aluminum only",
                "Composition - 3 Tab Shingle",
                "Composition - Architectural Shingle",
                "Composition - Impact Resist. Shingle",
                "Composition - Roll Roofing",
                "Composition - Shake",
                "Built-up - (hot mopped) w/Gravel",
                "Built-up - (hot mopped) w/o Gravel",
                "Standing Seam",
                "Metal - Standing Seam",
                "Metal - Copper",
                "Metal - Standing Seam Copper",
                "Corrugated Galvanized Metal",
                "Metal Tile/Shake",
                "Tile - Clay",
                "Tile - Concrete",
                "Tile - Glazed",
                "Tile - Cement Fiber",
                "Membrane - EPDM or PVC",
                "Wood Shingles or Shakes",
                "Wood Shingles/Shakes-Deco Ptrn.",
                "Slate",
                "Sprayed Polyurethane Foam (SPF)",
                "Painted Ribbed Metal"
            ]
        },
        {
            "title": "Roof Class",
            "name": "roof_class",
            "type": "string"
        },
        {
            "title": "Roof Class Terr",
            "name": "roof_class_terr",
            "type": "string"
        },
        {
            "title": "Roof Condition",
            "name": "roof_condition",
            "type": "select",
            "values": [
                "Excellent",
                "Good",
                "Average",
                "Poor"
            ]
        },
        {
            "title": "CAPE Roof Condition Score",
            "name": "cape_roof_condition_score",
            "type": "number"
        },
        {
            "title": "Non-Combustible Roof",
            "name": "non_roof",
            "type": "string"
        },
        {
            "title": "Distance to Coast",
            "name": "distance_to_coast",
            "type": "string"
        },
        {
            "title": "Aggregation Management TIV - WildFire",
            "name": "wildfire_tiv",
            "type": "number"
        },
        {
            "title": "Aggregation Management TIV - Wind/Hail",
            "name": "windhail_tiv",
            "type": "number"
        },
        {
            "title": "WHP Score",
            "name": "whp_score",
            "type": "select",
            "values": [
                "High",
                "Very High",
                "Extreme",
                "Moderate",
                "Low",
                "Very Low"
            ]
        },
        {
            "title": "KatRiskFloodScore",
            "name": "kat_risk_flood_score",
            "type": "string",
            "optional": true
        },
        {
            "title": "Additional Interest",
            "name": "additional_interest",
            "type": "group",
            "fields": [
                {
                    "title": "Name of Interested Party",
                    "name": "name",
                    "type": "string",
                    "newline": false,
                    "optional": true,
                    "width": 6
                },
                {
                    "title": "Additional Interest ID",
                    "name": "additional_interest_id",
                    "type": "string",
                    "newline": false,
                    "optional": true,
                    "width": 6
                },
                {
                    "title": "Individual/ Organization Type",
                    "name": "individual_organization_type",
                    "type": "select",
                    "newline": true,
                    "values": [
                        "Person",
                        "Organization (Estate, Business, etc.)"
                    ]
                },
                {
                    "title": "Type of Interest",
                    "name": "type",
                    "type": "select",
                    "newline": true,
                    "values": [
                        "Homeowner's Association",
                        "Property Manager",
                        "Other"
                    ],
                    "optional": false,
                    "width": 6,
                    "match": [
                        "Homeowner's Association",
                        "Property Manager",
                        "Other"
                    ]
                },
                {
                    "title": "Describe the Additional Interest",
                    "name": "other_additional_interest_description",
                    "type": "string",
                    "newline": false,
                    "width": 6,
                    "condition": {
                        "type": [
                            "Other"
                        ]
                    }
                },
                {
                    "title": "First Name",
                    "name": "additional_interest_first_name",
                    "type": "string",
                    "newline": false,
                    "width": 6,
                    "condition": {
                        "individual_organization_type": [
                            "Person"
                        ]
                    }
                },
                {
                    "title": "Middle Initial",
                    "name": "additional_interest_middle_name",
                    "type": "string",
                    "newline": false,
                    "width": 6,
                    "optional": true,
                    "condition": {
                        "individual_organization_type": [
                            "Person"
                        ]
                    }
                },
                {
                    "title": "Last Name",
                    "name": "additional_interest_last_name",
                    "type": "string",
                    "newline": false,
                    "width": 6,
                    "condition": {
                        "individual_organization_type": [
                            "Person"
                        ]
                    }
                },
                {
                    "title": "Loan - Account Number",
                    "name": "additional_interest_account_number",
                    "type": "string",
                    "newline": false,
                    "optional": true,
                    "width": 6
                },
                {
                    "title": "Loan Officer's First Name",
                    "name": "additional_interest_officer_first_name",
                    "type": "string",
                    "optional": true
                },
                {
                    "title": "Loan Officer's Last Name",
                    "name": "additional_interest_officer_last_name",
                    "type": "string",
                    "optional": true
                },
                {
                    "title": "Loan Officer's Email Address",
                    "name": "additional_interest_officer_mail_address",
                    "type": "email",
                    "optional": true
                },
                {
                    "title": "Street address",
                    "name": "additional_interest_street_address",
                    "type": "string",
                    "newline": true,
                    "width": 12,
                    "heading": "Additional Interest Address"
                },
                {
                    "title": "Lot/Unit#",
                    "name": "additional_interest_lot_unit",
                    "type": "string",
                    "newline": true,
                    "optional": true,
                    "width": 6
                },
                {
                    "title": "City",
                    "name": "additional_interest_city",
                    "type": "string",
                    "newline": false,
                    "width": 6
                },
                {
                    "title": "State",
                    "name": "additional_interest_state",
                    "type": "select",
                    "values": [
                        "AK",
                        "AL",
                        "AR",
                        "AZ",
                        "CA",
                        "CO",
                        "CT",
                        "DC",
                        "DE",
                        "FL",
                        "GA",
                        "HI",
                        "IA",
                        "ID",
                        "IL",
                        "IN",
                        "KS",
                        "KY",
                        "LA",
                        "MA",
                        "MD",
                        "ME",
                        "MI",
                        "MN",
                        "MO",
                        "MS",
                        "MT",
                        "NC",
                        "ND",
                        "NE",
                        "NH",
                        "NJ",
                        "NM",
                        "NV",
                        "NY",
                        "OH",
                        "OK",
                        "OR",
                        "PA",
                        "RI",
                        "SC",
                        "SD",
                        "TN",
                        "TX",
                        "UT",
                        "VA",
                        "VT",
                        "WA",
                        "WI",
                        "WV",
                        "WY"
                    ]
                },
                {
                    "title": "County",
                    "name": "additional_interest_county",
                    "type": "string",
                    "optional": true,
                    "width": 6,
                    "newline": false
                },
                {
                    "title": "Country",
                    "name": "additional_interest_country",
                    "type": "select",
                    "values": [
                        "USA"
                    ],
                    "width": 6,
                    "newline": true
                },
                {
                    "title": "Zip Code",
                    "name": "additional_interest_zip_code",
                    "type": "string",
                    "width": 6,
                    "regex": "^([0-9]{5})*$"
                }
            ],
            "optional": true,
            "repeatable": true,
            "newline": true,
            "width": 12
        },
        {
            "title": "Mortgagee",
            "name": "mortgagee",
            "type": "group",
            "fields": [
                {
                    "title": "Name of Interested Party",
                    "name": "mortgagee_name",
                    "type": "string",
                    "newline": false,
                    "optional": true,
                    "width": 6
                },
                {
                    "title": "Mortgagee ID",
                    "name": "mortgagee_id",
                    "type": "string",
                    "newline": false,
                    "optional": true,
                    "width": 6
                },
                {
                    "title": "Mortgagee Type",
                    "name": "mortgagee_type",
                    "type": "select",
                    "values": [
                        "1st Mortgagee",
                        "2nd Mortgagee"
                    ],
                    "optional": true,
                    "width": 6,
                    "newline": false
                },
                {
                    "title": "Loan - Account Number",
                    "name": "mortgagee_account_number",
                    "type": "string",
                    "newline": false,
                    "optional": true,
                    "width": 6
                },
                {
                    "title": "Loan Officer's First Name",
                    "name": "mortgagee_officer_first_name",
                    "type": "string",
                    "optional": true
                },
                {
                    "title": "Loan Officer's Last Name",
                    "name": "mortgagee_officer_last_name",
                    "type": "string",
                    "optional": true
                },
                {
                    "title": "Loan Officer's Email Address",
                    "name": "mortgagee_officer_mail_address",
                    "type": "email",
                    "optional": true
                },
                {
                    "title": "Street address",
                    "name": "mortgagee_street_address",
                    "type": "string",
                    "newline": true,
                    "width": 12,
                    "heading": "Mortgagee Address"
                },
                {
                    "type": "string",
                    "newline": true,
                    "optional": true,
                    "width": 6,
                    "title": "Lot/Unit#",
                    "name": "mortgagee_lot_unit"
                },
                {
                    "title": "City",
                    "name": "mortgagee_city",
                    "type": "string",
                    "newline": false,
                    "width": 6
                },
                {
                    "title": "State",
                    "name": "mortgagee_state",
                    "type": "select",
                    "values": [
                        "AK",
                        "AL",
                        "AR",
                        "AZ",
                        "CA",
                        "CO",
                        "CT",
                        "DC",
                        "DE",
                        "FL",
                        "GA",
                        "HI",
                        "IA",
                        "ID",
                        "IL",
                        "IN",
                        "KS",
                        "KY",
                        "LA",
                        "MA",
                        "MD",
                        "ME",
                        "MI",
                        "MN",
                        "MO",
                        "MS",
                        "MT",
                        "NC",
                        "ND",
                        "NE",
                        "NH",
                        "NJ",
                        "NM",
                        "NV",
                        "NY",
                        "OH",
                        "OK",
                        "OR",
                        "PA",
                        "RI",
                        "SC",
                        "SD",
                        "TN",
                        "TX",
                        "UT",
                        "VA",
                        "VT",
                        "WA",
                        "WI",
                        "WV",
                        "WY"
                    ]
                },
                {
                    "title": "County",
                    "name": "mortgagee_county",
                    "type": "string",
                    "optional": true,
                    "width": 6,
                    "newline": false
                },
                {
                    "title": "Country",
                    "name": "mortgagee_country",
                    "type": "select",
                    "values": [
                        "USA"
                    ],
                    "width": 6,
                    "newline": true
                },
                {
                    "title": "Zip Code",
                    "name": "mortgagee_zip_code",
                    "type": "string",
                    "width": 6,
                    "regex": "^([0-9]{5})*$"
                }
            ],
            "newline": false,
            "repeatable": true,
            "optional": true
        },
        {
            "title": "Four-Point",
            "name": "four_point",
            "type": "select",
            "values": [
                "Yes",
                "No"
            ],
            "heading": "Inspections"
        },
        {
            "title": "Interior",
            "name": "interior",
            "type": "select",
            "values": [
                "Yes",
                "No"
            ]
        },
        {
            "title": "Exterior",
            "name": "exterior",
            "type": "select",
            "values": [
                "Yes",
                "No"
            ]
        },
        {
            "title": "Does the Dwelling have and/or is the subject of any of the following                      a.Unrepaired damage                     b.Known potential defects                     c.Open or pending claims of any kind                     d.property disputes and/or lawsuits ?",
            "name": "subject_to",
            "type": "select",
            "values": [
                "Yes",
                "No"
            ],
            "heading": "Property Underwriting Questions",
            "width": 12
        },
        {
            "name": "fuses",
            "type": "select",
            "values": [
                "Yes",
                "No"
            ],
            "width": 12,
            "title": "Does the dwelling have any fuse(s) providing power to any portion of the dwelling?"
        },
        {
            "title": "Do you have any businesses with foot traffic into your home (e.g. hairdresser, counselor, daycare, Airbnb)? Does not include home offices.",
            "name": "foot_traffic",
            "type": "select",
            "values": [
                "Yes",
                "No"
            ],
            "width": 12
        },
        {
            "title": "Are there any underground fuel tanks on premises, whether or not in use?",
            "name": "undergroundfuel_tanks",
            "type": "select",
            "values": [
                "Yes",
                "No"
            ],
            "width": 12
        }
    ]
}