key,value
828-997 | Excellent,0.611
828-997 | Good,0.621
828-997 | Average/No Hit,0.63
828-997 | Below Average,0.649
828-997 | Poor,0.668
784-827 | Excellent,0.698
784-827 | Good,0.709
784-827 | Average/No Hit,0.72
784-827 | Below Average,0.742
784-827 | Poor,0.763
752-783 | Excellent,0.737
752-783 | Good,0.749
752-783 | Average/No Hit,0.76
752-783 | Below Average,0.783
752-783 | Poor,0.806
725-751 | Excellent,0.761
725-751 | Good,0.786
725-751 | Average/No Hit,0.81
725-751 | Below Average,0.834
725-751 | Poor,0.859
700-724 | Excellent,0.837
700-724 | Good,0.863
700-724 | Average/No Hit,0.89
700-724 | Below Average,0.917
700-724 | Poor,0.943
675-699 | Excellent,0.912
675-699 | Good,0.941
675-699 | Average/No Hit,0.97
675-699 | Below Average,0.999
675-699 | Poor,1.028
648-674 | Excellent,1.025
648-674 | Good,1.057
648-674 | Average/No Hit,1.09
648-674 | Below Average,1.123
648-674 | Poor,1.155
616-647 | Excellent,1.119
616-647 | Good,1.154
616-647 | Average/No Hit,1.19
616-647 | Below Average,1.208
616-647 | Poor,1.226
572-615 | Excellent,1.307
572-615 | Good,1.348
572-615 | Average/No Hit,1.39
572-615 | Below Average,1.411
572-615 | Poor,1.432
200-571 | Excellent,1.701
200-571 | Good,1.756
200-571 | Average/No Hit,1.81
200-571 | Below Average,1.837
200-571 | Poor,1.864
No Hit | Excellent,0.9
No Hit | Good,0.95
No Hit | Average/No Hit,1
No Hit | Below Average,1.05
No Hit | Poor,1.1
No Score | Excellent,0.9
No Score | Good,0.95
No Score | Average/No Hit,1
No Score | Below Average,1.05
No Score | Poor,1.1