key,value
Fire | 0,0.65
Fire | 1,0.65
Fire | 2,0.65
Fire | 3,0.69
Fire | 4,0.73
Fire | 5,0.77
Fire | 6,0.81
Fire | 7,0.85
Fire | 8,0.88
Fire | 9,0.9
Fire | 10,0.9
Fire | 11,0.9
Fire | 12,0.9
Fire | 13,0.9
Fire | 14,0.9
Fire | 15,0.9
Fire | 16,0.9
Fire | 17,0.9
Fire | 18,0.9
Fire | 19,0.9
Fire | 20,0.9
Fire | 21,0.9
Fire | 22,0.9
Fire | 23,0.9
Fire | 24,0.9
Fire | 25,0.9
Fire | 26,0.9
Fire | 27,0.9
Fire | 28,0.9
Fire | 29,0.9
Fire | 30,0.9
Fire | 31,0.9
Fire | 32,0.9
Fire | 33,0.9
Fire | 34,0.9
Fire | 35,0.9
Fire | 36,0.9
Fire | 37,0.9
Fire | 38,0.9
Fire | 39,0.9
Fire | 40,0.9
Fire | 41,0.95
Fire | 42,0.95
Fire | 43,0.95
Fire | 44,0.95
Fire | 45,0.95
Fire | 46,0.95
Fire | 47,0.95
Fire | 48,0.95
Fire | 49,0.95
Fire | 50,0.95
Fire | 51,0.95
Fire | 52,0.95
Fire | 53,0.95
Fire | 54,0.95
Fire | 55,0.95
Fire | 56,0.95
Fire | 57,0.95
Fire | 58,0.95
Fire | 59,0.95
Fire | 60,0.95
Fire | 61,1
Fire | 62,1
Fire | 63,1
Fire | 64,1
Fire | 65,1
Fire | 66,1
Fire | 67,1
Fire | 68,1
Fire | 69,1
Fire | 70,1
Fire | 71,1
Fire | 72,1
Fire | 73,1
Fire | 74,1
Fire | 75,1
Fire | 76,1
Fire | 77,1
Fire | 78,1
Fire | 79,1
Fire | 80,1
Fire | 81,1
Fire | 82,1
Fire | 83,1
Fire | 84,1
Fire | 85,1
Fire | 86,1
Fire | 87,1
Fire | 88,1
Fire | 89,1
Fire | 90,1
Fire | 91,1
Fire | 92,1
Fire | 93,1
Fire | 94,1
Fire | 95,1
Fire | 96,1
Fire | 97,1
Fire | 98,1
Fire | 99,1
Fire | 100,1
Fire | > 101,1
Wind | 0,0.585
Wind | 1,0.592
Wind | 2,0.598
Wind | 3,0.642
Wind | 4,0.686
Wind | 5,0.732
Wind | 6,0.778
Wind | 7,0.825
Wind | 8,0.862
Wind | 9,0.891
Wind | 10,0.9
Wind | 11,0.909
Wind | 12,0.918
Wind | 13,0.927
Wind | 14,0.936
Wind | 15,0.945
Wind | 16,0.954
Wind | 17,0.963
Wind | 18,0.972
Wind | 19,0.981
Wind | 20,0.99
Wind | 21,0.999
Wind | 22,1
Wind | 23,1
Wind | 24,1
Wind | 25,1
Wind | 26,1
Wind | 27,1
Wind | 28,1
Wind | 29,1
Wind | 30,1
Wind | 31,1
Wind | 32,1
Wind | 33,1
Wind | 34,1
Wind | 35,1
Wind | 36,1
Wind | 37,1
Wind | 38,1
Wind | 39,1
Wind | 40,1
Wind | 41,0.995
Wind | 42,0.985
Wind | 43,0.97
Wind | 44,0.95
Wind | 45,0.95
Wind | 46,0.95
Wind | 47,0.95
Wind | 48,0.95
Wind | 49,0.95
Wind | 50,0.95
Wind | 51,0.95
Wind | 52,0.95
Wind | 53,0.95
Wind | 54,0.95
Wind | 55,0.95
Wind | 56,0.95
Wind | 57,0.95
Wind | 58,0.95
Wind | 59,0.95
Wind | 60,0.95
Wind | 61,0.95
Wind | 62,0.95
Wind | 63,0.95
Wind | 64,0.95
Wind | 65,0.95
Wind | 66,0.95
Wind | 67,0.95
Wind | 68,0.95
Wind | 69,0.95
Wind | 70,0.95
Wind | 71,0.95
Wind | 72,0.95
Wind | 73,0.95
Wind | 74,0.95
Wind | 75,0.95
Wind | 76,0.95
Wind | 77,0.95
Wind | 78,0.95
Wind | 79,0.95
Wind | 80,0.95
Wind | 81,0.95
Wind | 82,0.95
Wind | 83,0.95
Wind | 84,0.95
Wind | 85,0.95
Wind | 86,0.95
Wind | 87,0.95
Wind | 88,0.95
Wind | 89,0.95
Wind | 90,0.95
Wind | 91,0.95
Wind | 92,0.95
Wind | 93,0.95
Wind | 94,0.95
Wind | 95,0.95
Wind | 96,0.95
Wind | 97,0.95
Wind | 98,0.95
Wind | 99,0.95
Wind | 100,0.95
Wind | > 101,0.95
Water | 0,0.585
Water | 1,0.592
Water | 2,0.598
Water | 3,0.642
Water | 4,0.686
Water | 5,0.732
Water | 6,0.778
Water | 7,0.825
Water | 8,0.862
Water | 9,0.891
Water | 10,0.9
Water | 11,0.909
Water | 12,0.918
Water | 13,0.927
Water | 14,0.936
Water | 15,0.945
Water | 16,0.954
Water | 17,0.963
Water | 18,0.972
Water | 19,0.981
Water | 20,0.99
Water | 21,0.999
Water | 22,1
Water | 23,1
Water | 24,1
Water | 25,1
Water | 26,1
Water | 27,1
Water | 28,1
Water | 29,1
Water | 30,1
Water | 31,1
Water | 32,1
Water | 33,1
Water | 34,1
Water | 35,1
Water | 36,1
Water | 37,1
Water | 38,1
Water | 39,1
Water | 40,1
Water | 41,0.995
Water | 42,0.985
Water | 43,0.97
Water | 44,0.95
Water | 45,0.95
Water | 46,0.95
Water | 47,0.95
Water | 48,0.95
Water | 49,0.95
Water | 50,0.95
Water | 51,0.95
Water | 52,0.95
Water | 53,0.95
Water | 54,0.95
Water | 55,0.95
Water | 56,0.95
Water | 57,0.95
Water | 58,0.95
Water | 59,0.95
Water | 60,0.95
Water | 61,0.95
Water | 62,0.95
Water | 63,0.95
Water | 64,0.95
Water | 65,0.95
Water | 66,0.95
Water | 67,0.95
Water | 68,0.95
Water | 69,0.95
Water | 70,0.95
Water | 71,0.95
Water | 72,0.95
Water | 73,0.95
Water | 74,0.95
Water | 75,0.95
Water | 76,0.95
Water | 77,0.95
Water | 78,0.95
Water | 79,0.95
Water | 80,0.95
Water | 81,0.95
Water | 82,0.95
Water | 83,0.95
Water | 84,0.95
Water | 85,0.95
Water | 86,0.95
Water | 87,0.95
Water | 88,0.95
Water | 89,0.95
Water | 90,0.95
Water | 91,0.95
Water | 92,0.95
Water | 93,0.95
Water | 94,0.95
Water | 95,0.95
Water | 96,0.95
Water | 97,0.95
Water | 98,0.95
Water | 99,0.95
Water | 100,0.95
Water | > 101,0.95
Theft | 0,0.65
Theft | 1,0.65
Theft | 2,0.65
Theft | 3,0.69
Theft | 4,0.73
Theft | 5,0.77
Theft | 6,0.81
Theft | 7,0.85
Theft | 8,0.88
Theft | 9,0.9
Theft | 10,0.9
Theft | 11,0.9
Theft | 12,0.9
Theft | 13,0.9
Theft | 14,0.9
Theft | 15,0.9
Theft | 16,0.9
Theft | 17,0.9
Theft | 18,0.9
Theft | 19,0.9
Theft | 20,0.9
Theft | 21,0.9
Theft | 22,0.9
Theft | 23,0.9
Theft | 24,0.9
Theft | 25,0.9
Theft | 26,0.9
Theft | 27,0.9
Theft | 28,0.9
Theft | 29,0.9
Theft | 30,0.9
Theft | 31,0.9
Theft | 32,0.9
Theft | 33,0.9
Theft | 34,0.9
Theft | 35,0.9
Theft | 36,0.9
Theft | 37,0.9
Theft | 38,0.9
Theft | 39,0.9
Theft | 40,0.9
Theft | 41,0.95
Theft | 42,0.95
Theft | 43,0.95
Theft | 44,0.95
Theft | 45,0.95
Theft | 46,0.95
Theft | 47,0.95
Theft | 48,0.95
Theft | 49,0.95
Theft | 50,0.95
Theft | 51,0.95
Theft | 52,0.95
Theft | 53,0.95
Theft | 54,0.95
Theft | 55,0.95
Theft | 56,0.95
Theft | 57,0.95
Theft | 58,0.95
Theft | 59,0.95
Theft | 60,0.95
Theft | 61,1
Theft | 62,1
Theft | 63,1
Theft | 64,1
Theft | 65,1
Theft | 66,1
Theft | 67,1
Theft | 68,1
Theft | 69,1
Theft | 70,1
Theft | 71,1
Theft | 72,1
Theft | 73,1
Theft | 74,1
Theft | 75,1
Theft | 76,1
Theft | 77,1
Theft | 78,1
Theft | 79,1
Theft | 80,1
Theft | 81,1
Theft | 82,1
Theft | 83,1
Theft | 84,1
Theft | 85,1
Theft | 86,1
Theft | 87,1
Theft | 88,1
Theft | 89,1
Theft | 90,1
Theft | 91,1
Theft | 92,1
Theft | 93,1
Theft | 94,1
Theft | 95,1
Theft | 96,1
Theft | 97,1
Theft | 98,1
Theft | 99,1
Theft | 100,1
Theft | > 101,1
Other | 0,0.65
Other | 1,0.65
Other | 2,0.65
Other | 3,0.69
Other | 4,0.73
Other | 5,0.77
Other | 6,0.81
Other | 7,0.85
Other | 8,0.88
Other | 9,0.9
Other | 10,0.9
Other | 11,0.9
Other | 12,0.9
Other | 13,0.9
Other | 14,0.9
Other | 15,0.9
Other | 16,0.9
Other | 17,0.9
Other | 18,0.9
Other | 19,0.9
Other | 20,0.9
Other | 21,0.9
Other | 22,0.9
Other | 23,0.9
Other | 24,0.9
Other | 25,0.9
Other | 26,0.9
Other | 27,0.9
Other | 28,0.9
Other | 29,0.9
Other | 30,0.9
Other | 31,0.9
Other | 32,0.9
Other | 33,0.9
Other | 34,0.9
Other | 35,0.9
Other | 36,0.9
Other | 37,0.9
Other | 38,0.9
Other | 39,0.9
Other | 40,0.9
Other | 41,0.95
Other | 42,0.95
Other | 43,0.95
Other | 44,0.95
Other | 45,0.95
Other | 46,0.95
Other | 47,0.95
Other | 48,0.95
Other | 49,0.95
Other | 50,0.95
Other | 51,0.95
Other | 52,0.95
Other | 53,0.95
Other | 54,0.95
Other | 55,0.95
Other | 56,0.95
Other | 57,0.95
Other | 58,0.95
Other | 59,0.95
Other | 60,0.95
Other | 61,1
Other | 62,1
Other | 63,1
Other | 64,1
Other | 65,1
Other | 66,1
Other | 67,1
Other | 68,1
Other | 69,1
Other | 70,1
Other | 71,1
Other | 72,1
Other | 73,1
Other | 74,1
Other | 75,1
Other | 76,1
Other | 77,1
Other | 78,1
Other | 79,1
Other | 80,1
Other | 81,1
Other | 82,1
Other | 83,1
Other | 84,1
Other | 85,1
Other | 86,1
Other | 87,1
Other | 88,1
Other | 89,1
Other | 90,1
Other | 91,1
Other | 92,1
Other | 93,1
Other | 94,1
Other | 95,1
Other | 96,1
Other | 97,1
Other | 98,1
Other | 99,1
Other | 100,1
Other | > 101,1
Liability | 0,0.65
Liability | 1,0.65
Liability | 2,0.65
Liability | 3,0.69
Liability | 4,0.73
Liability | 5,0.77
Liability | 6,0.81
Liability | 7,0.85
Liability | 8,0.88
Liability | 9,0.9
Liability | 10,0.9
Liability | 11,0.9
Liability | 12,0.9
Liability | 13,0.9
Liability | 14,0.9
Liability | 15,0.9
Liability | 16,0.9
Liability | 17,0.9
Liability | 18,0.9
Liability | 19,0.9
Liability | 20,0.9
Liability | 21,0.9
Liability | 22,0.9
Liability | 23,0.9
Liability | 24,0.9
Liability | 25,0.9
Liability | 26,0.9
Liability | 27,0.9
Liability | 28,0.9
Liability | 29,0.9
Liability | 30,0.9
Liability | 31,0.9
Liability | 32,0.9
Liability | 33,0.9
Liability | 34,0.9
Liability | 35,0.9
Liability | 36,0.9
Liability | 37,0.9
Liability | 38,0.9
Liability | 39,0.9
Liability | 40,0.9
Liability | 41,0.95
Liability | 42,0.95
Liability | 43,0.95
Liability | 44,0.95
Liability | 45,0.95
Liability | 46,0.95
Liability | 47,0.95
Liability | 48,0.95
Liability | 49,0.95
Liability | 50,0.95
Liability | 51,0.95
Liability | 52,0.95
Liability | 53,0.95
Liability | 54,0.95
Liability | 55,0.95
Liability | 56,0.95
Liability | 57,0.95
Liability | 58,0.95
Liability | 59,0.95
Liability | 60,0.95
Liability | 61,1
Liability | 62,1
Liability | 63,1
Liability | 64,1
Liability | 65,1
Liability | 66,1
Liability | 67,1
Liability | 68,1
Liability | 69,1
Liability | 70,1
Liability | 71,1
Liability | 72,1
Liability | 73,1
Liability | 74,1
Liability | 75,1
Liability | 76,1
Liability | 77,1
Liability | 78,1
Liability | 79,1
Liability | 80,1
Liability | 81,1
Liability | 82,1
Liability | 83,1
Liability | 84,1
Liability | 85,1
Liability | 86,1
Liability | 87,1
Liability | 88,1
Liability | 89,1
Liability | 90,1
Liability | 91,1
Liability | 92,1
Liability | 93,1
Liability | 94,1
Liability | 95,1
Liability | 96,1
Liability | 97,1
Liability | 98,1
Liability | 99,1
Liability | 100,1
Liability | > 101,1