key,value
Accidental Discharge/Leakage,ACCDL
Appliance Related Water,APPL
Bodily Injury Liability - Non-Auto,BINONAUTO
Boiler and Machinery,BOILER
Business Owners Policy,BOP
Building Collapse,CLPS
Collision/Upset,COLL
Completed Operations Liability,COMPOPS
Contamination,CONTA
Watercraft,CRAFT
Credit Card,CREDIT
Damage to Property of Others,DAMAG
Mysterious Disappearance,DISAP
Mysterious Disappearance Scheduled Property,DISSC
Dog Bite (Liability),DOG
Employee Dishonesty,EMPLOYEE
Errors and Omissions,EO
Employment Practice Liability,EPLY
Explosion,EXPL
Extended Coverage Perils,EXTEN
Fire,FIRE
Fire Legal Liability,FIREELL
Flood,FLOOD
Foreign Object Intake,FOROB
Freezing Water (including bursting pipes),FREEZE
Broken Window,GLASS
Hail,HAIL
Ice Damage,ICE
Identification Theft,ID
Liability (all others),LIABILITY
Lightning,LIGHT
Livestock,LIVES
Liquor Law Liability,LLL
Medical Payments,MEDICAL
Mine Subsidence,MINE
Mold,MOLD
Mold Liability,MOLDL
Earth Movement,MOVE
All Other,OTHER
Products and Completed Operations Bodily Injury,PCOBI
Produced and Completed Operations Property Damage,PCOPD
Physical Damage,PHYDA
Personal Injury - Non-Aut,PINONAUTO
Product Liability,PL
Premises Liability Bodily Injury,PLBI
Pollution Liability,PLIAB
Premises Liability Property Damage,PLPD
Pollution Remediation,POLLUTION
Earthquake,QUAKE
Riot or Civil Commotion,RIOT
Robbery,ROBBERY
Sinkhole,SINK
Slip or Fall (liability),SLIP
Smoke,SMOKE
Spoilage,SPOIL
Sprinkler Leakage,SPRLE
Theft or Burglary,THEFT
Theft Scheduled Property,THFSC
Vandalism or Malicious Mischief,VMM
Volcano,VOLCANO
Water Damage,WATER
Workers Compensation,WC
Workers Compensation Indemnity,WCDEM
Workers Compensation Medical,WCMED
Weather Related,WEATHER
Wind,WIND
Weight of Ice or Snow,WSNOW
Falling Objects,FOBJ
Grounded,GROUNDED
Hauling/Launching,HAULAUNCH
Highway Accident,HWYACCD
Sewer Backup,SBKP
Sinking,SINKING
Submerged Object,SUBOBJ
3rd Party Liability,THIRDLIAB
Towing,TOWING
Water Backup,WBKP
Wreck Removal,WRECKRMV