key,value
ACCDL,Yes
APPL,Yes
BINONAUTO,Yes
CLPS,Yes
CONTA,Yes
CRAFT,Yes
CREDIT,Yes
DAMAG,Yes
DISAP,Yes
DISSC,Yes
DOG,Yes
EXPL,Yes
EXTEN,Yes
FIRE,Yes
FIREELL,Yes
FLOOD,Yes
FREEZE,Yes
GLASS,Yes
HAIL,Yes
ICE,Yes
LIABILITY,Yes
LIGHT,Yes
MEDICAL,Yes
MINE,Yes
MOLD,Yes
MOLDL,Yes
MOVE,Yes
OTHER,Yes
PHYDA,Yes
PINONAUTO,Yes
PLBI,Yes
PLIAB,Yes
PLPD,Yes
POLLUTION,Yes
QUAKE,Yes
RIOT,Yes
ROBBERY,Yes
SINK,Yes
SLIP,Yes
SMOKE,Yes
SPOIL,Yes
SPRLE,Yes
THEFT,Yes
THFSC,Yes
VMM,Yes
VOLCANO,Yes
WATER,Yes
WEATHER,Yes
WIND,Yes
WSNOW,Yes
FOBJ,Yes
SBKP,Yes
SINKING,Yes
THIRDLIAB,Yes
WBKP,Yes
*,No
