key,value
0-11 | Fire,0.925
0-11 | Wind,0.925
0-11 | Water,0.925
0-11 | Theft,0.925
0-11 | Other,0.925
0-11 | Hurricane,0.925
0-11 | Liability,0.925
12-23 | Fire,0.95
12-23 | Wind,0.95
12-23 | Water,0.95
12-23 | Theft,0.95
12-23 | Other,0.95
12-23 | Hurricane,0.95
12-23 | Liability,0.95
24-35 | Fire,0.975
24-35 | Wind,0.975
24-35 | Water,0.975
24-35 | Theft,0.975
24-35 | Other,0.975
24-35 | Hurricane,0.975
24-35 | Liability,0.975
>=36 | Fire,1
>=36 | Wind,1
>=36 | Water,1
>=36 | Theft,1
>=36 | Other,1
>=36 | Hurricane,1
>=36 | Liability,1