key,value
Wind | 130,1.226
Wind | 131,1.049
Wind | 132,0.895
Wind | 133,0.738
Wind | 134,0.869
Wind | 232,0.767
Wind | 233,0.789
Wind | 330,1.352
Wind | 331,0.784
Wind | 334,0.988
Wind | 430,1.383
Wind | 431,1.047
Wind | 434,0.956
Wind | 530,0.821
Wind | 531,1.066
Wind | 534,0.912
Wind | 631,1.1
Wind | 634,0.728
Wind | 731,0.99
Wind | 734,1.042
Wind | 834,0.904
Water | 130,1.281
Water | 131,1.147
Water | 132,0.942
Water | 133,0.706
Water | 134,0.839
Water | 232,0.677
Water | 233,0.76
Water | 330,1.423
Water | 331,0.76
Water | 334,0.778
Water | 430,1.46
Water | 431,0.99
Water | 434,1.038
Water | 530,0.995
Water | 531,1.051
Water | 534,0.907
Water | 631,1.007
Water | 634,0.766
Water | 731,1.094
Water | 734,0.949
Water | 834,0.837
Fire | 130,1.003
Fire | 131,1.042
Fire | 132,0.955
Fire | 133,0.83
Fire | 134,0.955
Fire | 232,0.984
Fire | 233,0.83
Fire | 330,0.955
Fire | 331,1.022
Fire | 334,1.133
Fire | 430,1.003
Fire | 431,1.003
Fire | 434,1.042
Fire | 530,0.984
Fire | 531,0.955
Fire | 534,0.955
Fire | 631,0.955
Fire | 634,0.955
Fire | 731,1.042
Fire | 734,1.079
Fire | 834,1.121
Theft | 130,1.25
Theft | 131,1.06
Theft | 132,0.94
Theft | 133,0.78
Theft | 134,0.91
Theft | 232,0.63
Theft | 233,0.94
Theft | 330,1.53
Theft | 331,0.76
Theft | 334,0.82
Theft | 430,1.41
Theft | 431,1.01
Theft | 434,1.03
Theft | 530,0.92
Theft | 531,1.14
Theft | 534,1.04
Theft | 631,1
Theft | 634,0.88
Theft | 731,1
Theft | 734,1.04
Theft | 834,0.95
Liability | 130,1
Liability | 131,1
Liability | 132,1
Liability | 133,1
Liability | 134,1
Liability | 232,1
Liability | 233,1
Liability | 330,1
Liability | 331,1
Liability | 334,1
Liability | 430,1
Liability | 431,1
Liability | 434,1
Liability | 530,1
Liability | 531,1
Liability | 534,1
Liability | 631,1
Liability | 634,1
Liability | 731,1
Liability | 734,1
Liability | 834,1
Other | 130,1.292
Other | 131,1.096
Other | 132,0.917
Other | 133,0.769
Other | 134,0.888
Other | 232,0.621
Other | 233,0.917
Other | 330,1.493
Other | 331,0.76
Other | 334,0.808
Other | 430,1.457
Other | 431,1.044
Other | 434,1.065
Other | 530,0.907
Other | 531,1.123
Other | 534,1.015
Other | 631,1
Other | 634,0.859
Other | 731,1.034
Other | 734,1.015
Other | 834,0.936
