{
	"cancellationTypes": [
		{
			"name": "Insured Request",
			"title": "Insured Request",
			"cancellationCategories": [
				"Property sold",
				"Escrow did not close",
				"Purchased coverage elsewhere",
				"Unhappy with service",
				"Unhappy with claims",
				"When these print, we want the deliverable to only show Insured Request as the sub categories are to help us from a reporting perspective as to why our cancels are so high."
			],
			"documents": [],
			"reinstatement": {
				"defaultDeadlineDays": 7,
				"documents": []
			}
		},
		{
			"name": "Non-Payment of Premium",
			"title": "Non-Payment of Premium",
			"cancellationCategories": [
				"Non-Payment of Premium"
			],
			"documents": [],
			"reinstatement": {
				"defaultDeadlineDays": 7,
				"documents": []
			}
		},
		{
			"name": "New Business Cancellation",
			"title": "New Business Cancellation",
			"cancellationCategories": [
				"Signed Application Not Received",
				"Inspection Not Completed",
				"Does Not Meet Underwriting Guidelines",
				"Vacant or unoccupied dwelling",
				"Dwellings with replacement cost and or coverage A exceeding $1,500,000"
			],
			"documents": [],
			"reinstatement": {
				"defaultDeadlineDays": 7,
				"documents": []
			}
		},
		{
			"name": "Mid Term Cancellation",
			"title": "Mid Term Cancellation",
			"cancellationCategories": [
				"Material misrepresentation of a fact that would have caused the insurer to not issue the policy",
				"Substantial change in the risk assumed, unless the insurer should have reasonably foreseen the change or assessed the risk when writing the policy.",
				"Insured did not take reasonable steps to eliminate or reduce any conditions at the insured premises that contributed to a loss in the past or will increase the probability of future losses."
			],
			"documents": [],
			"reinstatement": {
				"defaultDeadlineDays": 7,
				"documents": []
			}
		},
		{
			"name": "Non-Renewal",
			"title": "Non-Renewal",
			"cancellationCategories": [
				"A Fraudulent Act Against the Company",
				"Criminal Conviction of the Insured",
				"Did Not Return Required Company Forms",
				"Foreclosed Property",
				"Increased Hazard - Property or Liability Loss History",
				"Material Misrepresentation",
				"Payment History",
				"Property Condition",
				"Request from Agent",
				"Risk is No Longer Eligible Under Company Guidelines",
				"Risk Not Insured to Value",
				"Substantial Breach of Contractual Duties",
				"The insurer is no longer offering coverage",
				"To Be Re-Written on a Different Line of Business/Policy Type",
				"Vacant or Unoccupied Dwellings",
				"Inspection Not Completed"
			],
			"documents": [],
			"reinstatement": {
				"defaultDeadlineDays": 7,
				"documents": []
			}
		}
	]
}