{
  "fees": [
    {
			"name": "installment_fee_cards_ach",
			"displayName": "Installment Fee- Automatic payment via cards, ACH",
			"proration": "flat"
		},
		{
			"name": "installment_fee_other",
			"displayName": "Installment Fee- Other than Automatic payments",
			"proration": "flat"
		},
		{
			"name": "insufficient_funds_fee",
			"displayName": "Insufficient Funds Fee",
			"proration": "flat"
		},
		{
			"name": "latefee",
			"displayName": "LateFee -  In case any invoice is not closed by the due date this fee need to be included",
			"proration": "flat"
		},
		{
			"name": "reinstatement_fee",
			"displayName": "Reinstatement Fee",
			"proration": "flat"
		},
    {
      "name": "policy_fee",
			"displayName": "Policy Fee",
			"proration": "flat"
    },
    {
      "name": "processing_fee",
			"displayName": "Processing Fee",
			"proration": "flat"
    }
  ]
}