{
    "documents": [
        {
            "displayName": "Policy Schedule",
            "fileName": "schedule.pdf",
            "templateName": "schedule.template.liquid",
            "generatingEvent": "quote"
        }
    ],
    "lapse": {
        "gracePeriodDays": 45,
        "reinstatementPeriodDays": 7
    },
    "plugins": {
        "getPerilRates": {
            "path": "bamboo_content_ho3/rater.js",
            "enabled": true
        },
        "getUnderwritingResult": {
            "path": "bamboo_content_ho3/underwriter.js",
            "enabled": true
        },
        "createInstallments": {
            "path": "bamboo_content_ho3/installments.js",
            "enabled": true
        }
    },
    "invoicing": {
        "generatingEvent": "accept"
    },
    "defaultPaymentTerms": {
        "amount": 15,
        "unit": "day"
    },
    "paymentSchedules": [
        {
            "type": "annually",
            "name": "Full Pay",
            "displayName": "Full Pay"
        },
        {
            "type": "monthly",
            "name": "Monthly",
            "displayName": "Monthly"
        },
        {
            "type": "quarterly",
            "name": "Quarterly",
            "displayName": "Quarterly"
        }
    ],
    "fields": [
        {
            "title": "Renewal Status",
            "name": "renewal_status",
            "type": "select",
            "values": [
                "Renew",
                "Non-Renewal"
            ],
            "width": 6,
            "optional": true
        },
        {
            "title": "Non Renewal Reason",
            "name": "non_renewal_reason",
            "type": "select",
            "values": [
                "A Fraudulent Act Against the Company",
                "Criminal Conviction of the Insured",
                "Did Not Return Required Company Forms",
                "Foreclosed Property",
                "Increased Hazard - Property or Liability",
                "Loss History",
                "Material Misrepresentation",
                "Payment History",
                "Property Condition",
                "Request from Agent",
                "Risk is No Longer Eligible Under Company Guidelines",
                "Risk Not Insured to Value",
                "Substantial Breach of Contractual Duties",
                "To Be Re-Written on a Different Line of Business/Policy Type",
                "Vacant/Unoccupied or Not Owner Occupied"
            ],
            "width": 6,
            "condition": {
                "renewal_status": [
                    "Non-Renewal"
                ]
            },
            "optional": true
        },
        {
            "title": "Non Renewal Description",
            "name": "non_renewal_description",
            "type": "string",
            "width": 6,
            "condition": {
                "renewal_status": [
                    "Non-Renewal"
                ]
            },
            "optional": true
        },
        {
            "title": "Policy Number",
            "name": "latest_policy_number",
            "type": "string",
            "width": 6
        },
        {
            "title": "Carrier",
            "name": "carrier",
            "type": "string",
            "width": 6
        },
        {
            "title": "Term Start Date",
            "name": "term_start",
            "type": "date",
            "precision": "day",
            "width": 6
        },
        {
            "title": "Term End Date",
            "name": "term_end",
            "type": "date",
            "precision": "day",
            "width": 6
        },
        {
            "title": "Agency ID",
            "name": "agency_id",
            "type": "string",
            "heading": "Agency Information",
            "width": 6
        },
        {
            "title": "Agency Name",
            "name": "agency_name",
            "type": "string",
            "width": 6
        },
        {
            "title": "Street Address",
            "name": "agency_street_address",
            "type": "string",
            "heading": "Agency Address",
            "width": 12
        },
        {
            "title": "Lot/Unit#",
            "name": "agency_lot_unit",
            "type": "string",
            "optional": true,
            "width": 6
        },
        {
            "title": "City",
            "name": "agency_city",
            "type": "string",
            "width": 6
        },
        {
            "title": "State",
            "name": "agency_state",
            "type": "select",
            "values": [
                "AK",
                "AL",
                "AR",
                "AZ",
                "CA",
                "CO",
                "CT",
                "DC",
                "DE",
                "FL",
                "GA",
                "HI",
                "IA",
                "ID",
                "IL",
                "IN",
                "KS",
                "KY",
                "LA",
                "MA",
                "MD",
                "ME",
                "MI",
                "MN",
                "MO",
                "MS",
                "MT",
                "NC",
                "ND",
                "NE",
                "NH",
                "NJ",
                "NM",
                "NV",
                "NY",
                "OH",
                "OK",
                "OR",
                "PA",
                "RI",
                "SC",
                "SD",
                "TN",
                "TX",
                "UT",
                "VA",
                "VT",
                "WA",
                "WI",
                "WV",
                "WY"
            ],
            "width": 6
        },
        {
            "title": "Zip Code",
            "name": "agency_zipcode",
            "type": "string",
            "regex": "^([0-9]{5})*$",
            "width": 6
        },
        {
            "title": "County",
            "name": "agency_county",
            "type": "string",
            "optional": true,
            "width": 6
        },
        {
            "title": "Country",
            "name": "agency_country",
            "type": "select",
            "values": [
                "USA"
            ],
            "width": 6
        },
        {
            "title": "Phone Number",
            "name": "agency_phone_number",
            "type": "string",
            "regex": "^[0-9]{10}$",
            "heading": "Agency Contact Details",
            "width": 6
        },
        {
            "title": "Email Address",
            "name": "agency_email_address",
            "type": "string",
            "width": 6
        },
        {
            "title": "Agent ID",
            "name": "agent_id",
            "type": "string",
            "heading": "Agent Information",
            "width": 6
        },
        {
            "title": "Agent First Name",
            "name": "agent_first_name",
            "type": "string",
            "width": 6
        },
        {
            "title": "Agent Middle Name",
            "name": "agent_middle_name",
            "type": "string",
            "optional": true,
            "width": 6
        },
        {
            "title": "Agent Last Name",
            "name": "agent_last_name",
            "type": "string",
            "width": 6
        },
        {
            "title": "Agent License",
            "name": "agent_license",
            "type": "string",
            "width": 6
        },
        {
            "title": "Co-Applicant Information",
            "name": "co_applicant_information",
            "type": "group",
            "fields": [
                {
                    "title": "Co-Applicant ID",
                    "name": "co_applicant_id",
                    "type": "string",
                    "width": 6
                },
                {
                    "title": "Type of Co-Applicant",
                    "name": "type_of_coapplicant",
                    "type": "select",
                    "values": [
                        "Person",
                        "Organization (Estate, Business, etc.)"
                    ]
                },
                {
                    "title": "First Name",
                    "name": "co_applicant_first_name",
                    "type": "string",
                    "width": 6,
                    "condition": {
                        "type_of_coapplicant": [
                            "Person"
                        ]
                    }
                },
                {
                    "title": "Middle Initial",
                    "name": "co_applicant_middle_initial",
                    "type": "string",
                    "optional": true,
                    "width": 6,
                    "condition": {
                        "type_of_coapplicant": [
                            "Person"
                        ]
                    }
                },
                {
                    "title": "Last Name",
                    "name": "co_applicant_last_name",
                    "type": "string",
                    "width": 6,
                    "condition": {
                        "type_of_coapplicant": [
                            "Person"
                        ]
                    }
                },
                {
                    "title": "Organization Name",
                    "name": "co_applicant_organization_name",
                    "type": "string",
                    "width": 6,
                    "condition": {
                        "type_of_coapplicant": [
                            "Organization (Estate, Business, etc.)"
                        ]
                    }
                },
                {
                    "title": "Representative First Name",
                    "name": "co_applicant_rep_first_name",
                    "type": "string",
                    "width": 6,
                    "condition": {
                        "type_of_coapplicant": [
                            "Organization (Estate, Business, etc.)"
                        ]
                    }
                },
                {
                    "title": "Representative Last Name",
                    "name": "co_applicant_rep_last_name",
                    "type": "string",
                    "width": 6,
                    "condition": {
                        "type_of_coapplicant": [
                            "Organization (Estate, Business, etc.)"
                        ]
                    }
                },
                {
                    "title": "Representative Relationship to the Organization",
                    "name": "co_applicant_relationship_organization",
                    "type": "select",
                    "values": [
                        "Owner",
                        "Trustee",
                        "Partner",
                        "Officer",
                        "Other"
                    ],
                    "width": 6,
                    "condition": {
                        "type_of_coapplicant": [
                            "Organization (Estate, Business, etc.)"
                        ]
                    },
                    "match": [
                        "Owner",
                        "Trustee",
                        "Partner",
                        "Officer",
                        "Other"
                    ]
                },
                {
                    "title": "Date of Birth",
                    "name": "co_applicant_dob",
                    "type": "date",
                    "precision": "day",
                    "width": 6
                },
                {
                    "title": "Marital Status",
                    "name": "co_applicant_marital_status",
                    "type": "select",
                    "values": [
                        "Never Married ",
                        "Married",
                        "Separated",
                        "Divorced",
                        "Widowed"
                    ],
                    "width": 6
                },
                {
                    "title": "Country",
                    "name": "mailing_country_coapplicant",
                    "heading": "Mailing Address",
                    "type": "select",
                    "values": [
                        "USA",
                        "Other"
                    ]
                },
                {
                    "title": "Address",
                    "name": "mailing_address_other",
                    "type": "string",
                    "width": 6,
                    "multiline": true,
                    "condition": {
                        "mailing_country_coapplicant": [
                            "Other"
                        ]
                    }
                },
                {
                    "title": "Street Address",
                    "name": "mailing_street_address_coapplicant",
                    "type": "string",
                    "width": 6,
                    "condition": {
                        "mailing_country_coapplicant": [
                            "USA"
                        ]
                    }
                },
                {
                    "title": "Lot/Unit#",
                    "name": "mailing_lot_unit_coapplicant",
                    "type": "string",
                    "optional": true,
                    "width": 6,
                    "condition": {
                        "mailing_country_coapplicant": [
                            "USA"
                        ]
                    }
                },
                {
                    "title": "City",
                    "name": "mailing_city_coapplicant",
                    "type": "string",
                    "width": 6,
                    "condition": {
                        "mailing_country_coapplicant": [
                            "USA"
                        ]
                    }
                },
                {
                    "title": "State",
                    "name": "mailing_state_coapplicant",
                    "type": "select",
                    "values": [
                        "AK",
                        "AL",
                        "AR",
                        "AZ",
                        "CA",
                        "CO",
                        "CT",
                        "DC",
                        "DE",
                        "FL",
                        "GA",
                        "HI",
                        "IA",
                        "ID",
                        "IL",
                        "IN",
                        "KS",
                        "KY",
                        "LA",
                        "MA",
                        "MD",
                        "ME",
                        "MI",
                        "MN",
                        "MO",
                        "MS",
                        "MT",
                        "NC",
                        "ND",
                        "NE",
                        "NH",
                        "NJ",
                        "NM",
                        "NV",
                        "NY",
                        "OH",
                        "OK",
                        "OR",
                        "PA",
                        "RI",
                        "SC",
                        "SD",
                        "TN",
                        "TX",
                        "UT",
                        "VA",
                        "VT",
                        "WA",
                        "WI",
                        "WV",
                        "WY"
                    ],
                    "width": 6,
                    "condition": {
                        "mailing_country_coapplicant": [
                            "USA"
                        ]
                    }
                },
                {
                    "title": "Zip Code",
                    "name": "mailing_zip_code_coapplicant",
                    "type": "string",
                    "regex": "^([0-9]{5})*$",
                    "width": 6,
                    "condition": {
                        "mailing_country_coapplicant": [
                            "USA"
                        ]
                    }
                },
                {
                    "title": "County",
                    "name": "mailing_county_coapplicant",
                    "type": "string",
                    "optional": true,
                    "width": 6,
                    "condition": {
                        "mailing_country_coapplicant": [
                            "USA"
                        ]
                    }
                },
                {
                    "title": "Primary Phone Number",
                    "name": "co_applicant_primary_phone_number",
                    "type": "string",
                    "regex": "^[0-9]{10}$",
                    "heading": "Co-Applicant Contact Details",
                    "width": 6
                },
                {
                    "title": "Secondary Phone Number",
                    "name": "co_applicant_secondary_phone_number",
                    "type": "string",
                    "regex": "^[0-9]{10}$",
                    "optional": true,
                    "width": 6
                },
                {
                    "title": "Email",
                    "name": "co_applicant_email",
                    "type": "string",
                    "width": 6
                }
            ],
            "repeatable": true,
            "optional": true,
            "newline": true,
            "width": 12
        },
        {
            "title": "Insured's/Representatives' Date of Birth",
            "name": "insured_dob",
            "type": "date",
            "precision": "day",
            "width": 6
        },
        {
            "title": "Form",
            "name": "form",
            "type": "select",
            "values": [
                "HO 3"
            ],
            "width": 6
        },
        {
            "title": "Additional Insured Information",
            "name": "additional_insured",
            "type": "group",
            "fields": [
                {
                    "title": "Additional Insured ID",
                    "name": "additional_insured_id",
                    "type": "string",
                    "width": 6
                },
                {
                    "title": "Type of Additional Insured",
                    "type": "select",
                    "values": [
                        "Person",
                        "Organization (Estate, Business, etc.)"
                    ],
                    "name": "type_of_additional_insured",
                    "match": [
                        "Person",
                        "Organization (Estate, Business, etc.)"
                    ]
                },
                {
                    "title": "Additional Named Insured First Name",
                    "name": "additional_insured_first_name",
                    "type": "string",
                    "width": 6,
                    "condition": {
                        "type_of_additional_insured": [
                            "Person"
                        ]
                    }
                },
                {
                    "title": "Additional Named Insured Last Name",
                    "name": "additional_insured_last_name",
                    "type": "string",
                    "width": 6,
                    "condition": {
                        "type_of_additional_insured": [
                            "Person"
                        ]
                    }
                },
                {
                    "title": "Date of Birth",
                    "name": "additional_insured_dob",
                    "type": "date",
                    "precision": "day",
                    "width": 6,
                    "condition": {
                        "type_of_additional_insured": [
                            "Person"
                        ]
                    }
                },
                {
                    "title": "Organizations Relationship to Policyholder",
                    "name": "organisation_relationship_to_policyholder",
                    "type": "select",
                    "values": [
                        "Managing Member of the LLC",
                        "Additional Insured",
                        "Other"
                    ],
                    "width": 6,
                    "condition": {
                        "type_of_additional_insured": [
                            "Organization (Estate, Business, etc.)"
                        ]
                    }
                },
                {
                    "title": "Individuals Relationship to Policyholder",
                    "name": "individual_relationship_to_policyholder",
                    "type": "select",
                    "values": [
                        "Additional Insured",
                        "Co-Owned Applicant",
                        "Other"
                    ],
                    "width": 6,
                    "condition": {
                        "type_of_additional_insured": [
                            "Person"
                        ]
                    }
                },
                {
                    "title": "Describe the relationship",
                    "name": "organisation_other_additional_insured_description",
                    "type": "string",
                    "width": 6,
                    "condition": {
                        "organisation_relationship_to_policyholder": [
                            "Other"
                        ]
                    }
                },
                {
                    "title": "Describe the relationship",
                    "name": "individual_other_additional_insured_description",
                    "type": "string",
                    "width": 6,
                    "condition": {
                        "individual_relationship_to_policyholder": [
                            "Other"
                        ]
                    }
                },
                {
                    "title": "Street Address",
                    "name": "additional_insured_street_address",
                    "type": "string",
                    "heading": "Additional Insured Address",
                    "width": 12
                },
                {
                    "title": "Lot/Unit#",
                    "name": "additional_insured_lot_unit",
                    "type": "string",
                    "optional": true,
                    "width": 6
                },
                {
                    "title": "City",
                    "name": "additional_insured_city",
                    "type": "string",
                    "width": 6
                },
                {
                    "title": "State",
                    "name": "additional_insured_state",
                    "type": "select",
                    "values": [
                        "AK",
                        "AL",
                        "AR",
                        "AZ",
                        "CA",
                        "CO",
                        "CT",
                        "DC",
                        "DE",
                        "FL",
                        "GA",
                        "HI",
                        "IA",
                        "ID",
                        "IL",
                        "IN",
                        "KS",
                        "KY",
                        "LA",
                        "MA",
                        "MD",
                        "ME",
                        "MI",
                        "MN",
                        "MO",
                        "MS",
                        "MT",
                        "NC",
                        "ND",
                        "NE",
                        "NH",
                        "NJ",
                        "NM",
                        "NV",
                        "NY",
                        "OH",
                        "OK",
                        "OR",
                        "PA",
                        "RI",
                        "SC",
                        "SD",
                        "TN",
                        "TX",
                        "UT",
                        "VA",
                        "VT",
                        "WA",
                        "WI",
                        "WV",
                        "WY"
                    ],
                    "width": 6
                },
                {
                    "title": "County",
                    "name": "additional_insured_county",
                    "type": "string",
                    "optional": true,
                    "width": 6
                },
                {
                    "title": "Country",
                    "name": "additional_insured_country",
                    "type": "select",
                    "values": [
                        "USA"
                    ],
                    "width": 6
                },
                {
                    "title": "Zip Code",
                    "name": "additional_insured_zipcode",
                    "type": "string",
                    "regex": "^([0-9]{5})*$",
                    "width": 6
                }
            ],
            "optional": true,
            "repeatable": true,
            "width": 12,
            "newline": true
        },
        {
            "title": "Street Address",
            "name": "previous_street_address_policyholder",
            "type": "string",
            "heading": "Previous address",
            "width": 12
        },
        {
            "title": "Lot/Unit#",
            "name": "previous_lot_unit_policyholder",
            "type": "string",
            "optional": true,
            "width": 6
        },
        {
            "title": "City",
            "name": "previous_city_policyholder",
            "type": "string",
            "width": 6
        },
        {
            "title": "State",
            "name": "previous_state_policyholder",
            "type": "select",
            "values": [
                "AK",
                "AL",
                "AR",
                "AZ",
                "CA",
                "CO",
                "CT",
                "DC",
                "DE",
                "FL",
                "GA",
                "HI",
                "IA",
                "ID",
                "IL",
                "IN",
                "KS",
                "KY",
                "LA",
                "MA",
                "MD",
                "ME",
                "MI",
                "MN",
                "MO",
                "MS",
                "MT",
                "NC",
                "ND",
                "NE",
                "NH",
                "NJ",
                "NM",
                "NV",
                "NY",
                "OH",
                "OK",
                "OR",
                "PA",
                "RI",
                "SC",
                "SD",
                "TN",
                "TX",
                "UT",
                "VA",
                "VT",
                "WA",
                "WI",
                "WV",
                "WY"
            ],
            "width": 6
        },
        {
            "title": "Zip Code",
            "name": "previous_zipcode_policyholder",
            "type": "string",
            "regex": "^([0-9]{5})*$",
            "width": 6
        },
        {
            "title": "County",
            "name": "previous_county_policyholder",
            "type": "string",
            "optional": true,
            "width": 6
        },
        {
            "title": "Country",
            "name": "previous_country_policyholder",
            "type": "select",
            "values": [
                "USA"
            ],
            "width": 6
        },
        {
            "title": "Loss History",
            "name": "loss_history",
            "type": "group",
            "fields": [
                {
                    "title": "Loss History Source",
                    "name": "loss_history_source",
                    "type": "select",
                    "values": [
                        "User Declared",
                        "Third Party"
                    ],
                    "width": 6
                },
                {
                    "title": "Prior Claim Number",
                    "name": "claim_number",
                    "type": "string",
                    "width": 6
                },
                {
                    "title": "Date of Loss",
                    "name": "claim_date",
                    "type": "date",
                    "precision": "day",
                    "width": 6
                },
                {
                    "title": "Loss Category",
                    "name": "category",
                    "type": "select",
                    "values": [
                        "Property",
                        "Liability"
                    ],
                    "width": 6
                },
                {
                    "title": "Cause of Loss",
                    "name": "cause_of_loss",
                    "type": "select",
                    "values": [
                        "Accidental Discharge/Leakage",
                        "Appliance Related Water",
                        "Bodily Injury Liability - Non-Auto",
                        "Boiler and Machinery",
                        "Business Owners Policy",
                        "Building Collapse",
                        "Collision/Upset",
                        "Completed Operations Liability",
                        "Contamination",
                        "Watercraft",
                        "Credit Card",
                        "Damage to Property of Others",
                        "Mysterious Disappearance",
                        "Mysterious Disappearance Scheduled Property",
                        "Dog Bite (Liability)",
                        "Employee Dishonesty",
                        "Errors and Omissions",
                        "Employment Practice Liability",
                        "Explosion",
                        "Extended Coverage Perils",
                        "Fire",
                        "Fire Legal Liability",
                        "Flood",
                        "Foreign Object Intake",
                        "Freezing Water (including bursting pipes)",
                        "Broken Window",
                        "Hail",
                        "Ice Damage",
                        "Identification Theft",
                        "Liability (all others)",
                        "Lightning",
                        "Livestock",
                        "Liquor Law Liability",
                        "Medical Payments",
                        "Mine Subsidence",
                        "Mold",
                        "Mold Liability",
                        "Earth Movement",
                        "All Other",
                        "Products and Completed Operations Bodily Injury",
                        "Produced and Completed Operations Property Damage",
                        "Physical Damage",
                        "Personal Injury - Non-Aut",
                        "Product Liability",
                        "Premises Liability Bodily Injury",
                        "Pollution Liability",
                        "Premises Liability Property Damage",
                        "Pollution Remediation",
                        "Earthquake",
                        "Riot or Civil Commotion",
                        "Robbery",
                        "Sinkhole",
                        "Slip or Fall (liability)",
                        "Smoke",
                        "Spoilage",
                        "Sprinkler Leakage",
                        "Theft or Burglary",
                        "Theft Scheduled Property",
                        "Vandalism or Malicious Mischief",
                        "Volcano",
                        "Water Damage",
                        "Workers Compensation",
                        "Workers Compensation Indemnity",
                        "Workers Compensation Medical",
                        "Weather Related",
                        "Wind",
                        "Weight of Ice or Snow",
                        "Falling Objects",
                        "Grounded",
                        "Hauling/Launching",
                        "Highway Accident",
                        "Sewer Backup",
                        "Sinking",
                        "Submerged Object",
                        "3rd Party Liability",
                        "Towing",
                        "Water Backup",
                        "Wreck Removal"
                    ],
                    "width": 6
                },
                {
                    "title": "Due to Catastrophe",
                    "name": "due_to_catastrophe",
                    "type": "select",
                    "values": [
                        "Yes",
                        "No"
                    ],
                    "width": 6
                },
                {
                    "title": "Status of Loss",
                    "name": "loss_status",
                    "type": "select",
                    "values": [
                        "Open",
                        "Closed",
                        "Disputed"
                    ],
                    "width": 6
                },
                {
                    "title": "Loss Description",
                    "name": "description_of_loss",
                    "type": "string",
                    "width": 6
                },
                {
                    "title": "Amount of Loss",
                    "name": "loss_amount",
                    "type": "string",
                    "width": 6
                },
                {
                    "title": "Chargeable Claim",
                    "name": "chargeable_claim",
                    "optional": true,
                    "type": "select",
                    "values": [
                        "Yes",
                        "No"
                    ],
                    "width": 6
                },
                {
                    "title": "Subrogation",
                    "name": "subrogation",
                    "optional": true,
                    "type": "select",
                    "values": [
                        "Yes",
                        "No"
                    ],
                    "width": 6
                }
            ],
            "repeatable": true,
            "optional": true,
            "newline": true,
            "width": 12
        },
        {
            "title": "Prior Policy History",
            "name": "prior_policy_history",
            "type": "group",
            "fields": [
                {
                    "title": "Policy Number",
                    "name": "policy_number",
                    "type": "string",
                    "width": 6
                },
                {
                    "title": "Prior Carrier",
                    "name": "prior_carrier",
                    "type": "string",
                    "width": 6
                },
                {
                    "title": "Years with company",
                    "name": "years_with_company",
                    "type": "number",
                    "width": 6
                },
                {
                    "title": "Late Payment",
                    "name": "late_payment",
                    "type": "select",
                    "values": [
                        "Yes",
                        "No"
                    ]
                },
                {
                    "title": "Number of Late Payments",
                    "name": "num_late_payment",
                    "type": "number"
                },
                {
                    "title": "Number of Prior Cancellations Due to Non-Payment",
                    "name": "num_late_cancellations",
                    "type": "number"
                },
                {
                    "title": "Date of Prior Policy Cancellation",
                    "name": "prior_cancellation_date",
                    "type": "date",
                    "precision": "day"
                },
                {
                    "title": "Reinstatment",
                    "name": "reinstatement",
                    "type": "select",
                    "values": [
                        "Yes",
                        "No"
                    ]
                }
            ],
            "repeatable": true,
            "optional": true,
            "width": 12,
            "newline": true
        },
        {
            "title": "Insurance Score (Attract Score)",
            "name": "attract_score",
            "type": "string",
            "width": 6
        },
        {
            "title": "Adverse Action - Non Credit",
            "name": "adverse_action_non_credit",
            "type": "group",
            "fields": [
                {
                    "title": "Reason Code ",
                    "name": "non_credit_reason_code",
                    "type": "string",
                    "width": 6
                },
                {
                    "title": "Reason description",
                    "name": "non_credit_reason_description",
                    "type": "string",
                    "multiline": true,
                    "width": 6
                }
            ],
            "repeatable": true,
            "width": 12,
            "newline": true
        },
        {
            "title": "Adverse Action - Credit",
            "name": "adverse_action_credit",
            "type": "group",
            "fields": [
                {
                    "title": "Reason Code ",
                    "name": "credit_reason_code",
                    "type": "string",
                    "width": 6
                },
                {
                    "title": "Reason description",
                    "name": "credit_reason_description",
                    "type": "string",
                    "multiline": true,
                    "width": 6
                }
            ],
            "repeatable": true,
            "width": 12,
            "newline": true
        },
        {
            "title": "Telematics Score",
            "name": "telematics_score",
            "type": "select",
            "values": [
                "Excellent",
                "Good",
                "Average/No Hit",
                "Below average",
                "Poor"
            ],
            "width": 6
        },
        {
            "title": "Number of Days Uninsured",
            "name": "days_uninsured",
            "type": "number",
            "width": 6
        },
        {
            "title": "Application Initiated from",
            "name": "application_intiation",
            "type": "select",
            "values": [
                "Direct to Consumer",
                "Internal Agent",
                "Independent Agent"
            ],
            "width": 6
        },
        {
            "title": "Bill to",
            "name": "bill_to",
            "type": "select",
            "values": [
                "Mortgagee",
                "Insured"
            ],
            "width": 6
        },
        {
            "title": "Payor Party ID",
            "name": "payor_party_id",
            "type": "string",
            "width": 6,
            "optional": true
        },
        {
            "title": "Payment Method",
            "name": "payment_method",
            "type": "select",
            "values": [
                "Card",
                "ACH",
                "Check"
            ],
            "width": 6,
            "optional": true
        },
        {
            "title": "Payment Mode",
            "name": "payment_mode",
            "type": "select",
            "values": [
                "Automatic",
                "Manual"
            ],
            "width": 6,
            "optional": true
        },
        {
            "title": "Does the applicant wish to perform  paperless transaction?",
            "name": "all_electronic",
            "type": "select",
            "values": [
                "Yes",
                "No"
            ],
            "width": 6
        },
        {
            "title": "Does the Applicant have any other policies with the same agency?",
            "name": "multi_policy",
            "type": "select",
            "values": [
                "Yes",
                "No"
            ],
            "width": 6,
            "newline": false
        },
        {
            "title": "Please choose the appropriate type of policy",
            "name": "multi_policy_type",
            "type": "select",
            "values": [
                "Private Passenger Auto with Same Producer",
                "Any other policy with the company"
            ],
            "condition": {
                "multi_policy": [
                    "Yes"
                ]
            },
            "width": 6
        },
        {
            "title": "Policy Transition",
            "name": "policy_transition",
            "type": "select",
            "values": [
                "A",
                "B",
                "C",
                "D",
                "E",
                "F",
                "G",
                "H",
                "I",
                "J",
                "K",
                "L",
                "M",
                "N",
                "O",
                "P",
                "N/A"
            ]
        },
        {
            "title": "Term after Transition",
            "name": "term_after_transition",
            "type": "select",
            "values": [
                "1",
                "2",
                "3+"
            ]
        },
        {
            "title": "New Business Home Buyer?",
            "name": "nb_homebuyer",
            "type": "select",
            "values": [
                "Yes",
                "No"
            ],
            "width": 6
        },
        {
            "title": "Months Owned",
            "name": "months_owned",
            "type": "select",
            "values": [
                "0-11",
                "12-23",
                "24-35",
                ">=36"
            ],
            "width": 6
        },
        {
            "title": "Renewal Year",
            "name": "renewal_year",
            "type": "select",
            "values": [
                "0",
                "1",
                "2",
                "3",
                ">=4"
            ],
            "width": 6
        },
        {
            "title": "OFAC Status",
            "name": "ofac_status",
            "type": "select",
            "values": [
                "Match Found",
                "No Match Found"
            ]
        },
        {
            "title": "Documents",
            "name": "documents",
            "type": "group",
            "fields": [
                {
                    "title": "Document Type",
                    "name": "document_type",
                    "type": "select",
                    "values": [
                        "Unit Photographs",
                        "Previous Policy Dec Page",
                        "Inspection Reports",
                        "Additional Documents",
                        "Valuation Report"
                    ],
                    "optional": true,
                    "width": 6
                },
                {
                    "title": "Upload File",
                    "name": "uploaded_file",
                    "type": "media",
                    "optional": true,
                    "width": 6
                }
            ],
            "optional": true,
            "repeatable": true,
            "width": 12,
            "newline": true
        },
        {
            "title": "Manual Underwriting Decision",
            "name": "uw_details",
            "type": "group",
            "fields": [
                {
                    "title": "Manual Decision",
                    "name": "manual_decision",
                    "type": "select",
                    "values": [
                        "Accept",
                        "Reject"
                    ],
                    "optional": true,
                    "newline": false,
                    "width": 6
                },
                {
                    "title": "Description",
                    "name": "uw_description",
                    "type": "string",
                    "multiline": true,
                    "optional": true,
                    "newline": false,
                    "width": 6
                }
            ],
            "optional": true,
            "newline": true,
            "width": 12
        }
    ]
}