{
    "name": "Business Property Increased Limits",
    "displayName": "Business Property Increased Limits",
    "fields": [
        {
            "title": "Business Property Increased Limit",
            "name": "business_prop_incr_limit_on_prem",
            "type": "select",
            "values": [
                "$5,000",
                "$7,500",
                "$10,000"
            ]
        }
    ],
    "indemnityPerItem": "0",
    "indemnityPerEvent": "0",
    "indemnityInAggregate": "0",
    "deductible": "0",
    "lumpSumPayment": "0"
}