[{
      "name": "type_of_insured",
      "type": "select",
      "values": [
         "Person"
      ]
   },
   {
      "name": "first_name",
      "type": "string",
      "searchable": true
   },
   {
      "name": "middle_name",
      "type": "string",
      "searchable": true
   },
   {
      "name": "last_name",
      "type": "string",
      "searchable": true
   },
   {
      "name": "organization_name",
      "type": "string",
      "searchable": true
   },
   {
      "name": "orgainzation_type",
      "type": "select",
      "values": [
         "Estate",
         "Trust",
         "LLC",
         "LLP",
         "Partnership",
         "Corporation",
         "Not Listed"
      ]
   },
   {
      "name": "rep_first_name",
      "type": "string",
      "searchable": true
   },
   {
      "name": "rep_last_name",
      "type": "string",
      "searchable": true
   },
   {
      "name": "relationship_organization",
      "type": "select",
      "values": [
         "Owner",
         "Trustee",
         "Partner",
         "Officer",
         "Other"
      ]
   },
    {
    "name": "insured_marital_status",
    "type": "select",
    "values": [
      "Never Married ",
      "Married",
      "Separated",
      "Divorced",
      "Widowed"
    ]
  },
   {
      "name": "primary_contact_number",
      "type": "string",
      "searchable": true,
      "regex": "^[0-9]{10}$"
   },
   {
      "name": "secondary_contact_number",
      "type": "string",
      "searchable": true,
      "regex": "^[0-9]{10}$"
   },
   {
      "name": "email_address_policyholder",
      "type": "email",
      "searchable": true
   },
   {
      "name": "mailing_country_policyholder",
      "type": "select",
       "values": [
         "USA",
         "Other"
      ]
   },
   {
      "name": "mailing_address_other",
      "type": "string",
      "searchable": true
   },
   {
      "name": "mailing_street_address_policyholder",
      "type": "string",
      "searchable": true
   },
   {
      "name": "mailing_lot_unit_policyholder",
      "type": "string",
      "searchable": true
   },
   {
      "name": "mailing_city_policyholder",
      "type": "string",
      "searchable": true
   },
   {
      "name": "mailing_state_policyholder",
      "type": "select",
      "values":[
          "AK",
"AL",
"AR",
"AZ",
"CA",
"CO",
"CT",
"DC",
"DE",
"FL",
"GA",
"HI",
"IA",
"ID",
"IL",
"IN",
"KS",
"KY",
"LA",
"MA",
"MD",
"ME",
"MI",
"MN",
"MO",
"MS",
"MT",
"NC",
"ND",
"NE",
"NH",
"NJ",
"NM",
"NV",
"NY",
"OH",
"OK",
"OR",
"PA",
"RI",
"SC",
"SD",
"TN",
"TX",
"UT",
"VA",
"VT",
"WA",
"WI",
"WV",
"WY"]
   },
   {
      "name": "mailing_zip_code_policyholder",
      "type": "string",
      "searchable": true,
      "regex": "^([0-9]{5})*$"
   },
   {
      "name": "mailing_county_policyholder",
      "type": "string",
      "searchable": true
   }
   
]